x,i,t,s
-4.0,0.00014622559372173198,9.89199932826278e-09,3.124926947849429e-72
-3.9799599198396796,0.0002029016445850322,2.2045978327375995e-08,8.511472116120083e-72
-3.9599198396793587,0.00021247231402833993,4.427109421918884e-08,2.318299236830006e-71
-3.9398797595190382,0.00022249442246210051,8.30775127763734e-08,6.314432190064559e-71
-3.9198396793587174,0.00023298926381600183,1.482979625928205e-07,1.7198838376638898e-70
-3.899799599198397,0.0002439791364332565,2.5434647981485775e-07,4.684507372985275e-70
-3.879759519038076,0.0002554873904478712,4.217501435005716e-07,1.275935551401071e-69
-3.8597194388777556,0.0002675384773964776,6.789221201085749e-07,3.4753099989073833e-69
-3.8396793587174347,0.0002801580021704844,1.0640951584963297e-06,9.465822607766782e-69
-3.8196392785571143,0.00029337277741863665,1.6272742042097242e-06,2.5782389965176907e-68
-3.799599198396794,0.0003072108805157294,2.4320005860217497e-06,7.02243914618703e-68
-3.779559118236473,0.00032170171321853146,3.5566575664872144e-06,1.9127261525603277e-67
-3.7595190380761525,0.0003368760641354829,5.095000614917395e-06,5.2097586871572896e-67
-3.7394789579158316,0.0003527661741432018,7.15558025392697e-06,1.4190000770408136e-66
-3.719438877755511,0.00036940580488848144,9.859755075873451e-06,3.864979818749602e-66
-3.6993987975951903,0.00038683031052152983,1.3338078232758682e-05,1.0527179836729533e-65
-3.67935871743487,0.0004050767128127713,1.7724985886141224e-05,2.8673245530864845e-65
-3.659318637274549,0.00042418377981286225,2.3151913960724637e-05,7.80983152206415e-65
-3.6392785571142285,0.00044419210822292345,2.9739201243077098e-05,2.127190950092063e-64
-3.6192384769539077,0.0004651442096503133,3.7587372090851435e-05,5.793903908643964e-64
-3.599198396793587,0.00048708460093268256,4.676859230134121e-05,1.5781057408666576e-63
-3.579158316633267,0.0005100598987228195,5.731921642927704e-05,4.298341444083603e-63
-3.559118236472946,0.0005341189185348541,6.92343591782708e-05,1.1707541954559607e-62
-3.5390781563126255,0.0005593127784622485,8.246530651185303e-05,3.188823884766831e-62
-3.5190380761523046,0.000585695007788324,9.692033353196576e-05,8.685510423560061e-62
-3.498997995991984,0.0006133216607196088,0.00011246913943715348,2.3657026553941084e-61
-3.4789579158316633,0.0006422514354839919,0.0001289506907057333,6.443546528431652e-61
-3.458917835671343,0.0006725457990465858,0.0001461838433847893,1.7550511586650257e-60
-3.438877755511022,0.0007042691177083162,0.00016397976031344623,4.78029382722742e-60
-3.4188376753507015,0.0007374887938647188,0.00018215490794511053,1.3020252407918568e-59
-3.3987975951903806,0.0007722754092155123,0.00020054334941981637,3.546371392493152e-59
-3.37875751503006,0.0008087028747292249,0.00021900715732972538,9.659374994792712e-59
-3.3587174348697397,0.0008468485876815047,0.00023744403267890967,2.6309575327482253e-58
-3.338677354709419,0.0008867935961007617,0.00025579159083692507,7.166030455237722e-58
-3.318637274549098,0.0009286227709706026,0.00027402819847611483,1.9518366163727154e-57
-3.2985971943887775,0.0009724249865547329,0.0002921706503532592,5.316285216494804e-57
-3.278557114228457,0.001018293309227805,0.0003102693021217033,1.4480150780060698e-56
-3.258517034068136,0.0010663251952131953,0.0003284014842661563,3.944008985122691e-56
-3.2384769539078158,0.001116622697647566,0.00034666409599338815,1.0742434323368883e-55
-3.218436873747495,0.001169292683413027,0.0003651662242012877,2.9259541656015174e-55
-3.1983967935871744,0.0012244470601964572,0.0003840224790544015,7.969523034994726e-55
-3.1783567134268536,0.0012822030142595263,0.00040334752371897517,2.170686682381994e-54
-3.158316633266533,0.0013426832594235555,0.00042325204380888956,5.912374746117454e-54
-3.1382765531062127,0.0014060162977993008,0.0004438401891806501,1.6103740545442937e-53
-3.118236472945892,0.0014723366928146423,0.0004652083531848794,4.386231771341016e-53
-3.098196392785571,0.0015417853551209708,0.00048744504546977934,1.1946931893016393e-52
-3.0781563126252505,0.0016145098419853825,0.0005106315646152318,3.254027354161708e-52
-3.05811623246493,0.0016906646708050833,0.0005348431774114,8.863107378909925e-52
-3.038076152304609,0.001770411647409688,0.0005601505481359269,2.4140753552554476e-51
-3.0180360721442887,0.001853920209849332,0.000586621217882504,6.575300931949566e-51
-2.9979959919839683,0.0019413677883991431,0.0006143209966652008,1.790937563385321e-50
-2.9779559118236474,0.00203294018254437,0.0006433151890636457,4.878038874782861e-50
-2.9579158316633265,0.002128831955747813,0.000673669621216648,1.3286483990493693e-49
-2.937875751503006,0.0022292468488378917,0.0007054514705373362,3.618885813768719e-49
-2.9178356713426856,0.0023343982128960737,0.0007387299200797039,9.856885043828694e-49
-2.8977955911823647,0.002444509462562705,0.0007735766692928578,2.6847540311329398e-48
-2.877755511022044,0.0025598145507254163,0.0008100663349522176,7.312557847265939e-48
-2.8577154308617234,0.002680558465597377,0.0008482767733002859,1.991746791308219e-47
-2.837675350701403,0.0028069977512431682,0.0008882893492969267,5.42498994680748e-47
-2.817635270541082,0.002939401052656553,0.0009301891731007396,1.4776233631400753e-46
-2.7975951903807617,0.0030780496865492036,0.0009740653185394378,4.0246541002020385e-46
-2.777555110220441,0.0032232382390633045,0.0010200110338871508,1.0962090225652001e-45
-2.7575150300601203,0.0033752751916774635,0.0010681239518859009,2.985782606989904e-45
-2.7374749498997994,0.003534483576635662,0.0011185063035437715,8.132479839786387e-45
-2.717434869739479,0.003701201663292685,0.0011712651386303662,2.2150717935625889e-44
-2.6973947895791586,0.003875783676833441,0.001226512554766432,6.033268015780775e-44
-2.6773547094188377,0.004058600550893827,0.0012843659363899484,1.6433021744952204e-43
-2.657314629258517,0.004250040715681436,0.001344948204532156,4.475919235872454e-43
-2.6372745490981964,0.004450510923271793,0.001408388078154216,1.2191216756715268e-42
-2.617234468937876,0.004660437111832589,0.0014748203477084711,3.3205640713542206e-42
-2.597194388777555,0.004880265310612893,0.0015443861615577518,9.044335747615438e-42
-2.5771543086172346,0.005110462587618852,0.0016172333258848283,2.46343715579118e-41
-2.557114228456914,0.005351518041991933,0.001693516618740689,6.709749383344825e-41
-2.5370741482965933,0.005603943843195052,0.0017733981189024435,1.827557755287556e-40
-2.5170340681362724,0.005868276319217014,0.0018570475502420606,4.977782563984096e-40
-2.496993987975952,0.006145077096106059,0.0019446426423381205,1.3558159342769802e-39
-2.4769539078156315,0.006434934291254738,0.002036369508097338,3.692882973514428e-39
-2.4569138276553106,0.006738463762969791,0.002132423039187698,1.0058433679159705e-38
-2.4368737474949898,0.00705631041898384,0.0022330073201239386,2.739650533300577e-38
-2.4168336673346693,0.0073891495866877915,0.0023383360618849792,7.462081357821272e-38
-2.396793587174349,0.007737688447996552,0.002448633055984927,2.0324730294582933e-37
-2.376753507014028,0.008102667541894733,0.002564132649961728,5.535917416855339e-37
-2.3567134268537075,0.008484862337856449,0.0026850802452942336,1.507837063619461e-36
-2.336673346693387,0.008885084883482833,0.0028117328188060025,4.106948206095325e-36
-2.3166332665330662,0.009304185529854833,0.0029443594686624987,1.1186237541516226e-35
-2.2965931863727453,0.009743054738271575,0.0030832419861230673,3.0468343903026614e-35
-2.276553106212425,0.01020262497220799,0.003228675454261078,8.298768703486978e-35
-2.2565130260521045,0.01068387267851773,0.003380968874926242,2.2603644692067984e-34
-2.2364729458917836,0.011187820362084414,0.003540445825279266,6.1566332503108186e-34
-2.2164328657314627,0.01171553875833307,0.00370744514529461,1.6769035921067187e-33
-2.1963927855711423,0.012268149108217524,0.0038823216576924363,4.5674405846383856e-33
-2.176352705410822,0.012846825540515848,0.004065446921828897,1.2440496634629376e-32
-2.156312625250501,0.01345279756649726,0.0042572100231468915,3.388461297925834e-32
-2.1362725450901805,0.014087352692257827,0.0044580183998636355,9.229269782992976e-32
-2.11623246492986,0.014751839154280327,0.004668298708653255,2.513808281635283e-31
-2.096192384769539,0.015447668784026463,0.004888497731162521,6.846946969155597e-31
-2.0761523046092183,0.016176320007647717,0.005119083323285334,1.8649267384835015e-30
-2.056112224448898,0.01693934098719152,0.005360545409214206,5.079565762051658e-30
-2.0360721442885774,0.01773835290997532,0.005613397022380525,1.3835389776216703e-29
-2.0160320641282565,0.018575053433114795,0.005878175395493977,3.768393190022011e-29
-1.995991983967936,0.019451220290528096,0.006155443101998259,1.0264103479769895e-28
-1.9759519038076152,0.020368715070081964,0.006445789251369365,2.795669531575925e-28
-1.9559118236472948,0.021329487168895225,0.006749830740792654,7.614662250031216e-28
-1.9358717434869739,0.022335577935218582,0.007068213565882806,2.0740320172737477e-27
-1.9158316633266534,0.02338912500567405,0.007401614193226682,5.649113076103785e-27
-1.8957915831663326,0.02449236684708633,0.00775074099767012,1.5386685586732374e-26
-1.8757515030060121,0.02564764751253917,0.008116335767397592,4.190925020538626e-26
-1.8557114228456917,0.02685742162177784,0.008499175280007218,1.1414968109130347e-25
-1.8356713426853708,0.028124259576528678,0.00890007295292687,3.109134529820839e-25
-1.8156312625250504,0.029450853021816662,0.009319880571677193,8.468457758363758e-25
-1.7955911823647295,0.030840020564897857,0.009759490099658468,2.306583266737105e-24
-1.775551102204409,0.03229471376393536,0.010219835573299514,6.282520995203588e-24
-1.7555110220440882,0.03381802339916811,0.010701895086602478,1.7111920746311976e-23
-1.7354709418837677,0.03541318603987188,0.011206692869293116,4.6608333159826875e-23
-1.7154308617234468,0.03708359092109021,0.011735301462999002,1.2694873662301493e-22
-1.6953907815631264,0.03883278714472047,0.01228884400007212,3.457746852888985e-22
-1.6753507014028055,0.04066449122028205,0.012868496589905201,9.417985256653898e-22
-1.655310621242485,0.042582594961360756,0.013475490817804124,2.5652093709647888e-21
-1.6352705410821646,0.04459117375453343,0.014111116361733313,6.986949902301533e-21
-1.6152304609218437,0.046694495218322835,0.01477672373248893,1.903059823881442e-20
-1.5951903807615233,0.04889702827058341,0.015473727143121369,5.183430171838795e-20
-1.5751503006012024,0.051203452623599606,0.016203607513710114,1.411828887834436e-19
-1.555110220440882,0.05361866872704049,0.016967915617865426,3.845447401516125e-19
-1.535070140280561,0.05614780817993342,0.017768275377652947,1.0473978713177849e-18
-1.5150300601202407,0.05879624463373973,0.018606387313930894,2.8528339781958225e-18
-1.4949899799599198,0.061569605209738934,0.01948403215944228,7.770363039700575e-18
-1.4749498997995993,0.06447378245493747,0.02040307464232676,2.1164407824014996e-17
-1.4549098196392785,0.06751494686194902,0.021365467448103713,5.764623303346937e-17
-1.434869739478958,0.0706995599794012,0.02237325536853126,1.5701304806545622e-16
-1.4148296593186376,0.07403438814076928,0.02342857964616964,4.276618950711264e-16
-1.3947895791583167,0.07752651684077147,0.02453368252387085,1.1648375644525105e-15
-1.3747494989979963,0.0811833657898834,0.02569091200886482,3.172708551305381e-15
-1.3547094188376754,0.08501270467897605,0.0269027268615783,8.641616529818645e-15
-1.334669338677355,0.08902266968752888,0.02817170181979059,2.3537471230286147e-14
-1.314629258517034,0.09322178077055059,0.029500533069296366,6.41098282948441e-14
-1.2945891783567136,0.09761895976087318,0.030892043972833017,1.746181670826981e-13
-1.2745490981963927,0.10222354932534862,0.032349191069892806,4.756135694996697e-13
-1.2545090180360723,0.10704533281515305,0.0338750703613447,1.2954452063689383e-12
-1.2344689378757514,0.11209455505245058,0.035472923895555154,3.528449124085532e-12
-1.214428857715431,0.11738194409750055,0.03714614667908195,9.610559489548944e-12
-1.1943887775551105,0.1229187340425374,0.0388982939514844,2.6176614839557015e-11
-1.1743486973947896,0.1287166888807906,0.040733088907033276,7.129815545116516e-11
-1.1543086172344692,0.13478812750138042,0.04265443106136384,1.9419726354595413e-10
-1.1342685370741483,0.14114594986322868,0.04466640576850516,5.289418348917664e-10
-1.1142284569138279,0.14780366440351753,0.04677329621255663,1.440697255924292e-09
-1.094188376753507,0.154775416739035,0.04897960137537514,3.924077178831101e-09
-1.0741482965931866,0.1620760197212761,0.051290069257129284,1.068814536996099e-08
-1.0541082164328657,0.16972098490927243,0.05370976991984651,2.911167294712833e-08
-1.0340681362725452,0.17772655552690292,0.056244273353958894,7.9292475209255e-08
-1.0140280561122244,0.18610974097483213,0.05890010390793469,2.1597167006613585e-07
-0.9939879759519039,0.19488835297027593,0.061685924519230655,5.882495425708498e-07
-0.9739478957915835,0.2040810433915075,0.06461564569862017,1.602235720216684e-06
-0.9539078156312626,0.21370734390740814,0.06771660712675469,4.364065107333488e-06
-0.9338677354709422,0.22378770747630664,0.07105111861972829,1.1886555779988235e-05
-0.9138276553106213,0.23434355180232136,0.07477316325475808,3.23758250245504e-05
-0.8937875751503008,0.2453973048414206,0.07927760059435887,8.81831596487336e-05
-0.87374749498998,0.25697245245404754,0.0855926039238766,0.00024018753621683823
-0.8537074148296595,0.26980777421394614,0.09641147167743076,0.0006542071386840155
-0.8336673346693386,0.28793531877701817,0.11701480030512579,0.0017651478160617068
-0.8136272545090182,0.30149013400840347,0.1461519301787205,0.0043998006880101
-0.7935871743486977,0.31314696241893614,0.18501849553990665,0.010030551366358763
-0.7735470941883769,0.3239494438644625,0.2356031516956006,0.021019078652555846
-0.7535070140280564,0.3338606846832253,0.2989520058196811,0.04068206616697791
-0.7334669338677355,0.34285785150405435,0.3744396801105688,0.07307055098333803
-0.7134268537074151,0.35093145432031453,0.4592739740202263,0.12235666109171309
-0.6933867735470942,0.3580843894040982,0.5484974293314958,0.19186718919331652
-0.6733466933867738,0.3643307993586069,0.6355984258794226,0.2829761808141756
-0.6533066132264529,0.3696948061994735,0.7136139939052255,0.3941935696570931
-0.6332665330661325,0.3742091698210716,0.7764093705266829,0.5207871954027581
-0.6132264529058116,0.37791391907464933,0.8197538858446883,0.65513227076115
-0.5931863727454911,0.38085499648169746,0.8419040003458198,0.7877504324987805
-0.5731462925851707,0.383082950809426,0.8435958438644435,0.9087794661224793
-0.5531062124248498,0.38465170476394955,0.8275456666691344,1.0094945954585077
-0.5330661322645294,0.385617418256616,0.7976785404950641,1.0835196021112898
-0.5130260521042085,0.38603746133675476,0.7583258266880525,1.127495138959812
-0.49298597194388805,0.3859695051505613,0.7135721264754346,1.1411474627308626
-0.47294589178356716,0.38547073430070206,0.6668385419150638,1.1268556953036253
-0.4529058116232467,0.3845971798025401,0.6207035013815022,1.0889068933234716
-0.43286573146292584,0.3834031684679741,0.5769084897827527,1.032646712684258
-0.4128256513026054,0.38194088196421294,0.5364769615500287,0.9636964000669708
-0.3927855711422845,0.38026001693112454,0.4998810819368391,0.8873424017101209
-0.3727454909819641,0.3784075363169755,0.4672097052501574,0.8081389599124507
-0.35270541082164364,0.3764275014178515,0.4383115665103586,0.7297131173574377
-0.33266533066132276,0.374360973887082,0.41290407581393945,0.6547315274525021
-0.3126252505010023,0.37224597712569174,0.39064851655615396,0.5849776110737727
-0.29258517034068143,0.3701175068875617,0.37119752930273847,0.5214902907258936
-0.272545090180361,0.3680075815564045,0.35422216556459707,0.46472550556141934
-0.2525050100200401,0.36594532330861534,0.3394251701473242,0.4147139089157098
-0.23246492985971967,0.3639570622102209,0.32654571345579214,0.3711993626658255
-0.2124248496993988,0.36206645616134303,0.3153592667882806,0.33375155064776607
-0.19238476953907835,0.3602946204620216,0.3056750281507731,0.30185191715484033
-0.17234468937875747,0.3586602616016621,0.2973323568795379,0.2749555512263115
-0.15230460921843703,0.357179810651956,0.29019703535448804,0.25253320443716576
-0.1322645290581166,0.35586755235735446,0.28415777507784085,0.23409798275728946
-0.1122244488977957,0.35473574666163427,0.2791231494639684,0.2192209136012687
-0.09218436873747526,0.3537947399815382,0.27501900758735115,0.2075389313343417
-0.07214428857715438,0.353053064040606,0.2717863595650706,0.1987580856331297
-0.05210420841683394,0.3525175205124545,0.2693796975105026,0.19265408873995812
-0.03206412825651306,0.3521932500993827,0.26776570911579467,0.1890717384989914
-0.012024048096192619,0.3520837849973678,0.2669223440831093,0.18792429767484573
0.00801603206412782,0.3521910839813268,0.26683820145392895,0.1891935647729867
0.028056112224448704,0.3525155495949286,0.26751221561457716,0.19293111322015183
0.04809619238476959,0.3530560271575895,0.2689536290530529,0.19926097457865422
0.06813627254508958,0.3538097855183501,0.27118225018139847,0.20838386511936235
0.08817635270541047,0.3547724797029929,0.27422900431619823,0.22058286905245356
0.10821643286573135,0.35593809582798064,0.27813679466018965,0.23623025844683526
0.12825651302605223,0.3572988789035207,0.2829616966975374,0.255794807649207
0.14829659318637223,0.3588452444289237,0.28877451148807304,0.27984850291391505
0.1683366733466931,0.36056567500684444,0.29566269658296823,0.30907090837334605
0.188376753507014,0.3624466035785594,0.303732670062383,0.34424858555229065
0.20841683366733488,0.36447228531904546,0.3131124308789039,0.38626585452311113
0.22845691382765487,0.3666246607354596,0.32395433754697134,0.4360818574330305
0.24849699398797576,0.3688832130912875,0.33643770849355686,0.49468745556753546
0.26853707414829664,0.37122482393352696,0.35077061281718686,0.5630342213097406
0.28857715430861663,0.3736236312313229,0.3671897655221453,0.6419271507676972
0.3086172344689375,0.37605089543614395,0.38595678794185545,0.7318734670123372
0.3286573146292584,0.3784748796353579,0.4073482349619001,0.8328830380288085
0.3486973947895793,0.3808607508755582,0.4316357960059991,0.9442227197172286
0.3687374749498993,0.3831705106536793,0.45905216182824765,1.0641384847788555
0.38877755511022016,0.3853629634785452,0.48973765394177216,1.1895760037673009
0.40881763527054105,0.38739373324801907,0.5236635605061087,1.3159514069309517
0.42885771543086193,0.38921533791189467,0.560531184805998,1.4370457646872834
0.4488977955911819,0.3907773334307354,0.5996518919627998,1.5451125310459741
0.4689378757515028,0.39202653831826134,0.6398234556216561,1.6312866622997175
0.4889779559118237,0.39290734998150767,0.679230979379509,1.6863557636623887
0.5090180360721437,0.39336216355373305,0.7154135935614795,1.701888712469058
0.5290581162324646,0.3933319028505924,0.7453452696523153,1.6716165226924793
0.5490981963927855,0.3927566713728297,0.7656717151970975,1.5928408974555799
0.5691382765531063,0.3915765288389728,0.7731184200542794,1.4675445575183366
0.5891783567134263,0.38973239548650457,0.7650360182175571,1.3028441405303923
0.6092184368737472,0.3871670822835698,0.7399872897961485,1.1105067974338791
0.6292585170340681,0.38382644023757206,0.69822699598535,0.9054596293081419
0.649298597194389,0.3796606162136611,0.6419104418193256,0.7035157173474756
0.669338677354709,0.3746253961887801,0.5749124212737831,0.5188230871105997
0.6893787575150299,0.3686836098405905,0.5022453050992383,0.3616893302198642
0.7094188376753507,0.3615856349283617,0.42920083847099005,0.23735553267643375
0.7294589178356707,0.34969584746418947,0.36125481514239466,0.14637095562741337
0.7494989979959916,0.34022522994036575,0.3138906776584556,0.08868956044685097
0.7695390781563125,0.3324743349234314,0.2839790546041875,0.05373906386372231
0.7895791583166334,0.32490001815019015,0.2643411253706562,0.0325617465054396
0.8096192384769534,0.31749825687539496,0.2507449097874968,0.019729918224353132
0.8296593186372743,0.310265119998589,0.24070446866415063,0.011954815540211388
0.8496993987975952,0.3031967659763223,0.23276537283468757,0.007243700302015083
0.869739478957916,0.2962894407818653,0.2260804615734922,0.004389126196796642
0.889779559118236,0.28953947591145335,0.22015862611964998,0.002659473469111898
0.9098196392785569,0.2829432864359058,0.2147165275629198,0.0016114367224328
0.9298597194388778,0.27649736909668904,0.20959140816311397,0.0009764069243646614
0.9498997995991978,0.27019830044530924,0.20469005837320398,0.000591627625630852
0.9699398797595187,0.2640427350250925,0.199959105791438,0.00035848091474499546
0.9899799599198396,0.25802740359443277,0.19536782451123805,0.0002172119094326945
1.0100200400801604,0.25214911139046076,0.1908982589896574,0.00013161373913855127
1.0300601202404804,0.24640473643231214,0.18653959537837367,7.974782034407028e-05
1.0501002004008013,0.24079122786301108,0.18228498205609123,4.8321055926653906e-05
1.0701402805611222,0.2353056043291772,0.17812975113494212,2.9278849701381582e-05
1.090180360721443,0.229944952397597,0.1740704341125013,1.7740734828669843e-05
1.110220440881763,0.22470642500790497,0.17010422317266946,1.0749523136024515e-05
1.130260521042084,0.2195872399604804,0.16622867981759268,6.513385649910404e-06
1.1503006012024048,0.2145846784388355,0.16244157912758805,3.946611592683957e-06
1.1703406813627248,0.20969608356563144,0.15874082744277265,2.391343596202079e-06
1.1903807615230457,0.20491885899159032,0.15512441925162745,1.4489706070131885e-06
1.2104208416833666,0.2002504675165895,0.15159041471790471,8.77964932903247e-07
1.2304609218436875,0.1956884297421261,0.14813692791154873,5.31979337384024e-07
1.2505010020040075,0.19123032275451363,0.14476212050863274,3.2233863198581577e-07
1.2705410821643284,0.18687377883804732,0.14146419824499815,1.953124611595211e-07
1.2905811623246493,0.18261648421752374,0.1382414087383964,1.1834435496973895e-07
1.3106212424849701,0.17845617782936982,0.13509203998432492,7.170759238840731e-08
1.3306613226452901,0.1743906501207973,0.1320144191831996,4.3449295130781006e-08
1.350701402805611,0.17041774187628375,0.1290069117330062,2.6326936722907777e-08
1.370741482965932,0.166535343070828,0.12606792030854902,1.595210221767138e-08
1.390781563126252,0.1627413917492968,0.12319588399024696,9.665749108654205e-09
1.4108216432865728,0.15903387293130683,0.12038927742539492,5.8567018037253775e-09
1.4308617234468937,0.15541081754107874,0.11764661001400226,3.5487116034336966e-09
1.4509018036072145,0.15187030136164006,0.11496642511545974,2.1502467542968425e-09
1.4709418837675345,0.14841044401287729,0.11234729927425381,1.302884432730598e-09
1.4909819639278554,0.14502940795284636,0.10978784146369543,7.894479280852596e-10
1.5110220440881763,0.14172539750186455,0.10728669234705522,4.783448289822156e-10
1.5310621242484972,0.1384966578888057,0.10484252355556675,2.898402380623051e-10
1.5511022044088172,0.13534147431914526,0.10245403698291672,1.7562092973547975e-10
1.571142284569138,0.1322581710642133,0.10011996409580225,1.0641279888309877e-10
1.591182364729459,0.12924511057122645,0.09783906526022199,6.447798552934754e-11
1.611222444889779,0.1263006925935687,0.09561012908309177,3.90687084782914e-11
1.6312625250500998,0.12342335334088991,0.0934319717688657,2.367263756196217e-11
1.6513026052104207,0.12061156464858479,0.09130343649083017,1.434380072869329e-11
1.6713426853707416,0.11786383316616816,0.08922339277670027,8.691241895033198e-12
1.6913827655310616,0.11517869956415953,0.08719073590822622,5.2662252569415934e-12
1.7114228456913825,0.11255473775901785,0.08520438633446713,3.1909281540878137e-12
1.7314629258517034,0.10999055415575726,0.08326328909844918,1.933457455343184e-12
1.7515030060120242,0.10748478690779227,0.0813664132768649,1.1715267630934103e-12
1.7715430861723442,0.1050361051936658,0.07951275143255193,7.098552661974876e-13
1.7915831663326651,0.10264320851023448,0.0777013190794324,4.3011778716669213e-13
1.811623246492986,0.10030482598197885,0.07593115415965944,2.6061835369367103e-13
1.831663326653306,0.09801971568603143,0.07420131653265871,1.5791471152453807e-13
1.8517034068136269,0.09578666399258258,0.07251088747581316,9.568419016716058e-14
1.8717434869739478,0.09360448492032798,0.07085896919653563,5.797727241215711e-14
1.8917835671342687,0.09147201950658124,0.06924468435544119,3.51297754674117e-14
1.9118236472945886,0.08938813519175157,0.06766717560039255,2.1285946596756694e-14
1.9318637274549095,0.08735172521782784,0.06612560511115134,1.2897649258825387e-14
1.9519038076152304,0.08536170804058875,0.06461915415441977,7.814985142780827e-15
1.9719438877755513,0.0834170267551799,0.06314702264899955,4.735280945874254e-15
1.9919839679358713,0.08151664853479554,0.06170842874087043,2.869216668578522e-15
2.012024048096192,0.07965956408213376,0.06030260838794032,1.7385249967948418e-15
2.032064128256513,0.07784478709336097,0.05892881495426579,1.0534126605286534e-15
2.052104208416833,0.07607135373428421,0.05758631881351072,6.382871890872475e-16
2.072144288577154,0.07433832212844463,0.05627440696143071,3.8675302758221057e-16
2.092184368737475,0.0726447718568977,0.054992382637206294,2.3434263902100705e-16
2.1122244488977957,0.07098980346936577,0.053739564953383015,1.4199364593637637e-16
2.1322645290581157,0.06937253800654272,0.052515288534252864,8.603724687293483e-17
2.1523046092184366,0.06779211653326934,0.051318903162466976,5.2131965488026136e-17
2.1723446893787575,0.06624769968235782,0.05014977343370964,3.158796828608984e-17
2.1923847695390783,0.06473846720879474,0.0490072784192279,1.913988339212332e-17
2.2124248496993983,0.06326361755411063,0.04789081133605645,1.1597299735969601e-17
2.2324649298597192,0.061822367420663875,0.04679977922474958,7.027073175444095e-18
2.25250501002004,0.060413951355635404,0.0457336026344644,4.257866791171411e-18
2.27254509018036,0.05903762134449086,0.04469171531520875,2.5799403476704187e-18
2.292585170340681,0.05769264641370462,0.04367356391710185,1.5632457575560779e-18
2.312625250501002,0.056378312242543596,0.042678607696494,9.472068998508709e-19
2.3326653306613228,0.05509392078368386,0.04170631822877147,5.739346528134829e-19
2.3527054108216428,0.053838789892479026,0.04075617912771036,3.477603317205579e-19
2.3727454909819636,0.052612252964666144,0.039827685771219055,2.1071605926832239e-19
2.3927855711422845,0.05141365858233569,0.03892034503333686,1.2767775270369158e-19
2.4128256513026045,0.050242370167958406,0.0380336750223299,7.736291477768747e-20
2.4328657314629254,0.049097765646294485,0.03716720482475504,4.687598627138555e-20
2.4529058116232463,0.04797923711401257,0.036320474255360974,2.840324844571232e-20
2.472945891783567,0.046886190516825826,0.035493033612678616,1.721018769820144e-20
2.492985971943887,0.04581804533399086,0.034684443440184856,1.0428052311461668e-20
2.513026052104208,0.04477423426998708,0.03389427429290298,6.318599013417099e-21
2.533066132264529,0.043754202953229286,0.033122106509327474,3.828585847088008e-21
2.55310621242485,0.04275740964163497,0.03236752998853699,2.3198290566306267e-21
2.57314629258517,0.04178332493490608,0.0316301439723899,1.4056382870665062e-21
2.5931863727454907,0.04083143149335951,0.030909556832678056,8.51708874160305e-22
2.6132264529058116,0.03990122376316907,0.030205385863134804,5.160701817800454e-22
2.6332665330661316,0.03899220770786502,0.02951725707617808,3.1269890522752892e-22
2.6533066132264524,0.038103900545944,0.02884480500427997,1.894715269020668e-22
2.6733466933867733,0.037235830494469324,0.028187672505871904,1.148051972886797e-22
2.693386773547094,0.03638753651850039,0.027545510575661535,6.956313457749886e-23
2.713426853707414,0.035558568086238446,0.026917978159276393,4.21499183532562e-23
2.733466933867735,0.03474848492974438,0.026304741972126712,2.553961416455198e-23
2.753507014028056,0.033956856811114905,0.025705476322400264,1.5475045199554798e-23
2.773547094188377,0.033183263293978575,0.025119862938083753,9.376689185095405e-24
2.793587174348697,0.032427293520202904,0.024547590797928644,5.681553684664937e-24
2.8136272545090177,0.03168854599168328,0.02398835596626487,3.44258529151626e-24
2.8336673346693386,0.030966628357109453,0.023441861431582663,2.085942357871606e-24
2.8537074148296586,0.030261157203584684,0.0229078169487868,1.2639209059208566e-24
2.8737474949899795,0.02957175785299244,0.02238593888504538,7.658390225383657e-25
2.8937875751503004,0.028898064163006765,0.02187595006915437,4.640396449611738e-25
2.9138276553106213,0.028239718332630198,0.02137757964432887,2.8117239492703547e-25
2.9338677354709413,0.02759637071216633,0.020890562924351114,1.7036888233034758e-25
2.953907815631262,0.02696767961751723,0.020414641252993172,1.0323046141860175e-25
2.973947895791583,0.026353311148716918,0.01994956186664639,6.254973337228492e-26
2.993987975951904,0.025752939012593568,0.019495077760075773,3.7900335726281274e-26
3.014028056112224,0.025166244349475796,0.019050947555235575,2.2964693384309953e-26
3.034068136272545,0.024592915563843003,0.01861693537307118,1.3914840914447582e-26
3.0541082164328657,0.024032648158838585,0.01819281070824533,8.431325184018013e-27
3.0741482965931857,0.023485144574549324,0.01777834830671445,5.1087356870065986e-27
3.0941883767535066,0.02295011402996918,0.01737332804609463,3.0955015670806395e-27
3.1142284569138274,0.022427272368566988,0.01697753481875616,1.875636270666652e-27
3.1342685370741483,0.02191634190736791,0.016590758417577418,1.1364915648090385e-27
3.1543086172344683,0.021417051289476487,0.016212793424303942,6.886266261118152e-28
3.174348697394789,0.02092913533995644,0.015843439100448945,4.172548612534705e-28
3.19438877755511,0.020452334924996957,0.015482499280682011,2.528244082321917e-28
3.214428857715431,0.0199863968142853,0.015129782268644507,1.5319217901005752e-28
3.234468937875751,0.01953107354651528,0.014785100735138562,9.282269806915692e-29
3.254509018036072,0.01908612329795906,0.014448271618635496,5.624342791202202e-29
3.2745490981963927,0.01865130975403481,0.014119116028052502,3.4079198828480076e-29
3.2945891783567127,0.018226401983799503,0.013797459147742776,2.0649377819001382e-29
3.3146292585170336,0.017811174317298402,0.01348313014464856,1.2511937456567001e-29
3.3346693386773545,0.017405406225714334,0.01317596207757389,7.581273406358608e-30
3.3547094188376754,0.01700888220424092,0.01287579180851911,4.593669578470663e-30
3.3747494989979954,0.01662139165763003,0.012582459916039672,2.7834110531442926e-30
3.3947895791583163,0.016242728788341293,0.012295810610574864,1.6865333821735142e-30
3.414829659318637,0.01587269248724429,0.012015691651709213,1.021909734091344e-30
3.434869739478958,0.015511086226808302,0.011741954267316647,6.191988345257767e-31
3.454909819639278,0.015157717956725452,0.011474453074546458,3.751869503611309e-31
3.474949899799599,0.01481240000191219,0.011213046002610177,2.2733448429225646e-31
3.49498997995992,0.014474948962834822,0.01095759421732791,1.3774724227130146e-31
3.5150300601202398,0.014145185618105727,0.01070796204739299,8.346425229951559e-32
3.5350701402805607,0.013822934829296786,0.010464016912315218,5.057292833635524e-32
3.5551102204408815,0.013508025447924283,0.01022562925200842,3.064331147825942e-32
3.5751503006012024,0.013200290224550966,0.00999267245798027,1.8567493899272844e-32
3.5951903807615224,0.012899565719958983,0.009765022806089532,1.1250475652545939e-32
3.6152304609218433,0.012605692218346483,0.009542559390835812,6.816924410756496e-33
3.635270541082164,0.012318513642503403,0.009325164061147345,4.1305327754255767e-33
3.655310621242485,0.01203787747091643,0.009112721357629026,2.5027857110962633e-33
3.675350701402805,0.011763634656766225,0.008905118451242906,1.5164959718840192e-33
3.695390781563126,0.011495639548766307,0.008702245083382886,9.188801192784053e-34
3.715430861723447,0.011233749813808482,0.008503993507317256,5.567707987750982e-34
3.735470941883767,0.010977826361369184,0.008310258430963818,3.3736035404934773e-34
3.7555110220440877,0.010727733269636922,0.008120936960967929,2.044144713312682e-34
3.7755511022044086,0.010483337713324917,0.007935928548056663,1.238594742627318e-34
3.7955911823647295,0.010244509893126835,0.007755134933636441,7.504933121774474e-35
3.8156312625250495,0.010011122966779688,0.007578460097607156,4.547413227577031e-35
3.8356713426853704,0.009783052981697257,0.007405810207365592,2.75538325616053e-35
3.8557114228456912,0.009560178809139539,0.00723709356797149,1.6695506892333118e-35
3.875751503006012,0.009342382079879386,0.007072220573446853,1.0116195261357103e-35
3.895791583166332,0.009129547121337686,0.006911103659186976,6.129637586080242e-36
3.915831663326653,0.008921560896147844,0.0067536572554534845,3.714089730969336e-36
3.935871743486974,0.008718312942122268,0.006599797741928932,2.2504532015102232e-36
3.955911823647294,0.008519695313585486,0.006449443403305594,1.3636018456845327e-36
3.9759519038076148,0.008325602524042974,0.006302514385885436,8.262380183273457e-37
3.9959919839679356,0.008135931490157773,0.006158932655170447,5.0063679885002435e-37
4.016032064128256,0.007950581477002734,0.006018621954418163,3.033474601788547e-37
4.0360721442885765,0.007769454044558463,0.0058815077641403745,1.8380526922577307e-37
4.056112224448897,0.007592452995433348,0.005747517262527228,1.1137188020377533e-37
4.076152304609218,0.007419484323771586,0.005616579286770212,6.748280804120176e-38
4.096192384769539,0.007250456165326622,0.005488624295267471,4.088940020401412e-38
4.11623246492986,0.007085278748671707,0.00536358433069022,2.477583695128984e-38
4.136272545090179,0.006923864347522724,0.005241392983890723,1.5012254852705633e-38
4.1563126252505,0.006766127234144651,0.005121985358630859,9.0962737689004e-39
4.176352705410821,0.0066119836338236196,0.005005298037117449,5.511643473323674e-39
4.196392785571142,0.006461351680371918,0.004891269046319248,3.339632749499279e-39
4.216432865731463,0.006314151372649832,0.004779837825053737,2.0235610223174712e-39
4.236472945891784,0.0061703045320759126,0.004670945191822299,1.2261226063423937e-39
4.2565130260521045,0.006029734761106834,0.004564533313379289,7.429361552250856e-40
4.276553106212425,0.005892367402661591,0.004460545674016049,4.50162265898629e-40
4.2965931863727445,0.0057581295004719675,0.00435892704554591,2.7276376874888288e-40
4.316633266533065,0.0056269497603335635,0.004259623457971133,1.6527390049801237e-40
4.336673346693386,0.005498758512243173,0.004162582170820871,1.0014329363140227e-40
4.356713426853707,0.005373487673395168,0.0040677516451392,6.067914673234032e-41
4.376753507014028,0.005251070712023539,0.003975081516113329,3.67669038499686e-41
4.396793587174349,0.0051314426120659335,0.0038845225663242063,2.227792069449686e-41
4.41683366733467,0.0050145398386339845,0.0037960266996074406,1.3498709396242028e-41
4.436873747494989,0.004900300304269428,0.0037095469155089475,8.179181435420462e-42
4.45691382765531,0.004788663335969026,0.003625037284322719,4.955955935472554e-42
4.476953907815631,0.004679569642961439,0.0035424529226979157,3.002928768394862e-42
4.4969939879759515,0.004572961285217445,0.0034617499698008773,1.8195442625931614e-42
4.517034068136272,0.004468781642677562,0.00338288556402028,1.1025041147763605e-42
4.537074148296593,0.004366975385181438,0.0033058178202035916,6.680328410183913e-43
4.557114228456914,0.004267488443081241,0.0032305058074113334,4.047766087200689e-43
4.577154308617233,0.00417026797852587,0.0031569095271790104,2.4526354530288476e-43
4.597194388777554,0.004075262357397398,0.0030849898922729367,1.4861087661351888e-43
4.617234468937875,0.003982421121889429,0.0030147087059320425,9.00467805786834e-44
4.637274549098196,0.0038916949637077085,0.0029460286415805143,5.456143505345519e-44
4.657314629258517,0.003803035697882763,0.0028789132230038665,3.3060040303063246e-44
4.677354709418838,0.0037163962371787036,0.0028133268049763582,2.003184600568808e-44
4.697394789579159,0.0036317305670849646,0.0027492345543295893,1.2137760593063344e-44
4.7174348697394795,0.0035489937213777586,0.0026866024314524347,7.354550957145346e-45
4.737474949899799,0.003468141758238632,0.002625397172212672,4.456293182464056e-45
4.757515030060119,0.0033891317369163765,0.002565586270289965,2.700171505206773e-45
4.77755511022044,0.003311921694921513,0.002507137959912039,1.6360966074272226e-45
4.797595190380761,0.0032364706257396784,0.0024500211989834965,9.913489212345128e-46
4.817635270541082,0.003162738457052762,0.002394205652598909,6.006813284566598e-46
4.837675350701403,0.003090686029456708,0.0023396616769315827,3.639667634954815e-46
4.857715430861724,0.003020275075663418,0.002286360303487855,2.2053591256071804e-46
4.877755511022043,0.0029514682001774246,0.0022342732237182962,1.3362782981033162e-46
4.897795591182364,0.0028842288594341675,0.002183372773972511,8.096820464513554e-47
4.917835671342685,0.0028185213423925944,0.002133631920783551,4.906051510947883e-47
4.937875751503006,0.002754310751568069,0.002085024246452055,2.972690518897372e-47
4.9579158316633265,0.0026915629844987284,0.0020375239348826998,1.8012222051527344e-47
4.977955911823647,0.0026302447156331915,0.0019911057575730346,1.0914023547727542e-47
4.997995991983968,0.002570323378631538,0.0019457450595599143,6.613060268721955e-48
5.018036072144287,0.0025117671490690685,0.0019014177449360643,4.0070067584613084e-48
5.038076152304608,0.0024545449275341336,0.0018581002611908171,2.4279384293978564e-48
5.058116232464929,0.0023986263231113914,0.0018157695809730696,1.4711442661031303e-48
5.07815631262525,0.0023439816372409633,0.0017744031787207955,8.914004677725288e-49
5.098196392785571,0.002290581847945305,0.0017339789976496998,5.401202399067564e-49
5.118236472945892,0.0022383985944157947,0.0016944753994097704,3.2727139383931873e-49
5.138276553106213,0.002187404161949935,0.0016558710837345574,1.983013360951244e-49
5.158316633266534,0.002137571467232216,0.001618144957943391,1.2015538368873985e-49
5.178356713426853,0.002088874043950009,0.0015812759254916705,7.280493673760916e-50
5.1983967935871735,0.002041286028736959,0.0015452425483387163,4.411420155003593e-50
5.218436873747494,0.0019947821474373536,0.0015100225195994132,2.672981896009128e-50
5.238476953907815,0.0019493377016825538,0.0014755918615394462,1.6196217919276458e-50
5.258517034068136,0.0019049285557737115,0.0014419237416844915,9.813664480120224e-51
5.278557114228457,0.0018615311238632296,0.0014089867808500067,5.94632716158677e-51
5.298597194388778,0.0018191223574282494,0.0013767427179088819,3.6030176886780416e-51
5.318637274549097,0.0017776797330295842,0.0013451433061918555,2.1831520722219106e-51
5.338677354709418,0.0017371812403491225,0.0013141263564511838,1.3228225288550656e-51
5.358717434869739,0.0016976053705004984,0.00128361092238671,8.015288834485817e-52
5.37875751503006,0.001658931104605416,0.0012534917553864433,4.8566496033174885e-52
5.398797595190381,0.0016211379026304141,0.001223633337760388,2.942756756053532e-52
5.4188376753507015,0.0015842056924781573,0.0011938640304592824,1.7830846432453073e-52
5.438877755511022,0.001548114859326867,0.001163971120357442,1.0804123848961992e-52
5.4589178356713415,0.0015128462352131107,0.0011336977863363835,6.54646948959545e-53
5.478957915831662,0.0014783810888511972,0.0011027431711837783,3.966657859287598e-53
5.498997995991983,0.0014447011156854457,0.0010707667878833206,2.4034900945701383e-53
5.519038076152304,0.0014117884281681437,0.0010373983462804257,1.4563304523910163e-53
5.539078156312625,0.001379625546259684,0.0010022537173036657,8.824244340981038e-54
5.559118236472946,0.00134819538814467,0.0009649571458619795,5.346814526984005e-54
5.579158316633267,0.0013174812611598701,0.0009251690130951522,3.2397590639233446e-54
5.599198396793588,0.0012874668529285168,0.0008826175169610922,1.9630452373656297e-54
5.619238476953907,0.0012581362226969845,0.0008371317169176446,1.1894546871882068e-54
5.639278557114228,0.00122947379286824,0.0007886726343707177,7.207182116559642e-55
5.6593186372745485,0.0012014643407289585,0.0007373586806427397,4.366998980351982e-55
5.679358717434869,0.001174092990364332,0.0006834817343408756,2.6460660749194985e-55
5.69939879759519,0.0011473452047576483,0.0006275107833859517,1.6033128709994894e-55
5.719438877755511,0.001121206778069477,0.0005700811687068736,9.71484494162072e-56
5.739478957915832,0.0010956638280930234,0.0005119690038786777,5.886450108823772e-56
5.759519038076151,0.0010707027888812043,0.0004540520972164749,3.5667367921872572e-56
5.779559118236472,0.0010463104035415888,0.000397260412061842,2.1611686346703014e-56
5.799599198396793,0.001022473717195919,0.00034252049717849273,1.309502253632405e-56
5.819639278557114,0.0009991800700994008,0.0002906991713606343,7.934578194218059e-57
5.839679358717435,0.000976417090917306,0.00024255190833533805,4.807745152444294e-57
5.859719438877756,0.0009541726901544286,0.00019868080798278047,2.9131244138088907e-57
5.8797595190380765,0.0009324350537342375,0.00015950584710392547,1.7651297190772827e-57
5.899799599198396,0.0009111926367245963,0.00012525147007132927,1.0695330794664881e-57
5.9198396793587165,0.0008904341572059012,9.594876464118912e-05,6.480549252045794e-58
5.939879759519037,0.0008701485902795298,7.145174474046194e-05,3.926715256824136e-58
5.959919839679358,0.0008503251622122631,5.146486995938425e-05,2.3792879443525684e-58
5.979959919839679,0.0008309533447144371,3.55780370247539e-05,1.4416658076502021e-58
6.0,0.0007149209499594567,2.330495246621207e-05,8.735387853668431e-59
