x,i,t,m,s
-4.0,2.8676980589169e-19,3.312542162755613e-23,3.4077507049141517e-72,3.124892799396225e-72
-3.9799599198396796,4.499468741349257e-19,7.413831536379853e-23,9.28147187719359e-72,8.511379104756061e-72
-3.9599198396793587,5.813753142307134e-19,1.4993920461095213e-22,2.5279012314577303e-71,2.318273902988402e-71
-3.9398797595190382,7.511936973597084e-19,2.841032997278999e-22,6.8849569532357595e-71,6.314363187360438e-71
-3.9198396793587174,9.706156369911412e-19,5.13360462121012e-22,1.8751740476607998e-70,1.7198650431465068e-70
-3.899799599198397,1.2541302171236698e-18,8.93565756869531e-22,5.107185823914379e-70,4.6844561816746656e-70
-3.879759519038076,1.6204587496431464e-18,1.507766928882095e-21,1.3909824143170844e-69,1.2759216082375722e-69
-3.8597194388777556,2.093790998288351e-18,2.4768725685507804e-21,3.7884502566925634e-69,3.475272021405706e-69
-3.8396793587174347,2.705382500775644e-18,3.973481983960505e-21,1.0318142796675988e-68,9.465719167063844e-69
-3.8196392785571143,3.4956184650169974e-18,6.239499262556205e-21,2.8102275214093925e-68,2.5782108219971223e-68
-3.799599198396794,4.516680524644493e-18,9.608233505222922e-21,7.653876295136776e-68,7.022362406220422e-68
-3.779559118236473,5.835992447649661e-18,1.453180846195842e-20,2.0845936161453315e-67,1.9127052506164652e-67
-3.7595190380761525,7.540672328535727e-18,2.161490285464192e-20,5.677555357450387e-67,5.209701755772464e-67
-3.7394789579158316,9.743285255491516e-18,3.1656164143690975e-20,1.5463270772643446e-66,1.418984570432442e-66
-3.719438877755511,1.2589276318324313e-17,4.5699140160326746e-20,4.211544110201574e-66,3.8649375828363494e-66
-3.6993987975951903,1.626657478080023e-17,6.509531903118458e-20,1.14704737749723e-65,1.0527064797236383e-65
-3.67935871743487,2.1018003609486548e-17,9.158292609864126e-20,3.1240744044439622e-65,2.8672932193613216e-65
-3.659318637274549,2.7157313797236473e-17,1.2738656569168443e-19,8.508664329839351e-65,7.809746177257313e-65
-3.6392785571142285,3.508990227543044e-17,1.7534468396313598e-19,2.3174022432702634e-64,2.1271677044166337e-64
-3.6192384769539077,4.533958148042699e-17,2.3907423775499134e-19,6.311629031759314e-64,5.793840593552402e-64
-3.599198396793587,5.858316824836519e-17,3.231849663920531e-19,1.7190223265121957e-63,1.5780884955049132e-63
-3.579158316633267,7.569517604607234e-17,4.3355938831858575e-19,4.681894029383297e-63,4.2982944722646816e-63
-3.559118236472946,9.780556169913307e-17,5.777192416212113e-19,1.2751511064697053e-62,1.1707414015708306e-62
-3.5390781563126255,1.2637433980548894e-16,7.6530479261525e-19,3.472975621736862e-62,3.188789037596675e-62
-3.5190380761523046,1.632879918465293e-16,1.008700594122907e-18,9.458926000945366e-62,8.685415509055589e-62
-3.498997995991984,2.109840361762597e-16,1.3238503712076642e-18,2.5762139726404813e-61,2.3656768031854064e-61
-3.4789579158316633,2.726119846158879e-16,1.7313154100945683e-18,7.016524489223617e-61,6.443476113830825e-61
-3.458917835671343,3.522413140969923e-16,2.2576460022075287e-18,1.9110065244676678e-60,1.7550319795841806e-60
-3.438877755511022,4.55130186340109e-16,2.9371552807285885e-18,5.204779134225061e-60,4.780241588467617e-60
-3.4188376753507015,5.880726599292208e-16,3.814210619433114e-18,1.4175632659469394e-59,1.3020110123309277e-59
-3.3987975951903806,7.598473222292444e-16,4.946191457629282e-18,3.860847138233106e-59,3.5463326379168406e-59
-3.37875751503006,9.817969656478235e-16,6.407306262349877e-18,1.0515326795508679e-58,9.659269437544324e-59
-3.3587174348697397,1.2685775859909643e-15,8.293518247032703e-18,2.863933650230346e-58,2.6309287817367494e-58
-3.338677354709419,1.6391261615040597e-15,1.0728903149414546e-17,7.800153355422864e-58,7.165952145062612e-58
-3.318637274549098,2.1179111179300333e-15,1.3873857607500967e-17,2.1244344783654006e-57,1.9518152867456575e-57
-3.2985971943887775,2.7365480515152273e-15,1.793569963529209e-17,5.786068249778766e-57,5.316227120214262e-57
-3.278557114228457,3.535887400964562e-15,2.3182361390685157e-17,1.5758822870468836e-56,1.4479992541109675e-56
-3.258517034068136,4.568711923541027e-15,2.996007922490596e-17,4.292042435457855e-56,3.9439658850044445e-56
-3.2384769539078158,5.903222097686487e-15,3.871625036245863e-17,1.1689723841347541e-55,1.0742316930010291e-55
-3.218436873747495,7.627539603680105e-15,5.002896691364925e-17,3.183790679544159e-55,2.925922190745771e-55
-3.1983967935871744,9.855526260566696e-15,6.464517882232721e-17,8.671311223610043e-55,7.96943594391804e-55
-3.1783567134268536,1.2734302661091318e-14,8.353000695790435e-17,2.36170175330432e-54,2.1706629610689234e-54
-3.158316633266533,1.645396298248499e-14,1.0793046354678475e-16,6.432285930067639e-54,5.912310135514973e-54
-3.1382765531062127,2.1260127470991598e-14,1.394577881679987e-16,1.7518851954340643e-53,1.6103564563196973e-53
-3.118236472945892,2.7470161478055752e-14,1.8019383646553092e-16,4.771401415580046e-53,4.386183838417173e-53
-3.098196392785571,3.549413203942875e-14,2.3282854674485096e-16,1.2995299083017516e-52,1.1946801336369922e-52
-3.0781563126252505,4.586188582250519e-14,3.008375616046826e-16,3.539375291581415e-52,3.2539917939735025e-52
-3.05811623246493,5.925803647938352e-14,3.8871173320861905e-16,9.639776437946399e-52,8.863010522333195e-52
-3.038076152304609,7.656717172473624e-14,5.022536667976321e-16,2.6254715767401438e-51,2.414048974077716e-51
-3.0180360721442887,9.89322652964503e-14,6.489608837953819e-16,7.150685735202123e-51,6.575229076577252e-51
-2.9979959919839683,1.2783015091473317e-13,8.385209056550911e-16,1.9475475691199622e-50,1.790917991876494e-50
-2.9779559118236474,1.6516904200989608e-13,1.0834509501167186e-15,5.304304758637394e-50,4.877985567153207e-50
-2.9579158316633265,2.1341453673683098e-13,1.3999244807919807e-15,1.4446707329619704e-49,1.3286338794566113e-49
-2.937875751503006,2.7575242876244515e-13,1.8088391895280874e-15,3.934678867271489e-49,3.618846266226438e-49
-2.9178356713426856,3.562990747071523e-13,2.3371969335662855e-15,1.0716419916051938e-48,9.856777326751093e-49
-2.8977955911823647,4.603732094288654e-13,3.0198867488414272e-15,2.918704749856451e-48,2.6847246918412094e-48
-2.877755511022044,5.948471579221477e-13,3.901988677103922e-15,7.949331698269825e-48,7.312477934771275e-48
-2.8577154308617234,7.686006353997425e-13,5.0417505354386045e-15,2.1650657268624377e-47,1.991725025251767e-47
-2.837675350701403,9.931071013273685e-13,6.514434193150981e-15,5.896734355071408e-47,5.424930661808897e-47
-2.817635270541082,1.2831913861142264e-12,8.417285337146569e-15,1.6060240849434734e-46,1.4776072154696726e-46
-2.7975951903807617,1.6580086188055085e-12,1.0875954894219533e-14,4.3741387666269894e-46,4.0246101182056565e-46
-2.777555110220441,2.1423090972873798e-12,1.405279613589377e-14,1.1913327246126697e-45,1.0961970430291013e-45
-2.7575150300601203,2.7680726241500508e-12,1.8157585348358288e-14,3.244692902057388e-45,2.985749977892344e-45
-2.7374749498997994,3.5766202282718942e-12,2.3461373985254382e-14,8.837188897601314e-45,8.132390966728335e-45
-2.717434869739479,4.621342715389028e-12,3.0314387002214223e-14,2.40688139651875e-44,2.215047586885007e-44
-2.6973947895791586,5.971226221968178e-12,3.916914925347152e-14,6.555340492703948e-44,6.033202083173957e-44
-2.6773547094188377,7.715407575202869e-12,5.061036705537464e-14,1.785401236105602e-43,1.643284216191668e-43
-2.657314629258517,9.969060263115741e-12,6.539353808540384e-14,4.862688168396991e-43,4.475870322188936e-43
-2.6372745490981964,1.2880999682900036e-11,8.449483914329742e-14,1.3243934430746516e-42,1.219108352873929e-42
-2.617234468937876,1.6643509864691253e-11,1.0917558601168743e-13,3.60709546228898e-42,3.3205277835666335e-42
-2.597194388777555,2.1505040558600313e-11,1.4106552189277947e-13,9.824224152252012e-42,9.044236909250765e-42
-2.5771543086172346,2.778661311146528e-11,1.8227043420450584e-13,2.67570914057345e-41,2.46341023482692e-41
-2.557114228456914,3.5903018462222107e-11,2.3551120599370085e-13,7.28751655319707e-41,6.709676057737018e-41
-2.5370741482965933,4.639020702263258e-11,3.043034839450507e-13,1.984815847747194e-40,1.8275377833255342e-40
-2.5170340681362724,5.994067907875637e-11,3.9318982699945615e-13,5.405811480317916e-40,4.977728165626036e-40
-2.496993987975952,7.744921264674473e-11,5.080396650462735e-13,1.4723178802826146e-39,1.3558011175987032e-39
-2.4769539078156315,1.000719483294383e-10,6.564368748550772e-13,4.009980762677876e-39,3.692842616789904e-39
-2.4569138276553106,1.2930273272275489e-10,8.481805660395807e-13,1.0921517972326678e-38,1.0058323758084062e-38
-2.4368737474949898,1.6707176155432105e-10,1.0959321454420973e-12,2.974566847054388e-38,2.739620593698174e-38
-2.4168336673346693,2.158730362544851e-10,1.4160513875264098e-12,8.101482057455195e-38,7.461999810239385e-38
-2.396793587174349,2.789290502966236e-10,1.8296767189966786e-12,2.206506588946452e-37,2.0324508180474025e-37
-2.376753507014028,3.6040358003609226e-10,2.3641210520519197e-12,6.009605942682473e-37,5.53585691882926e-37
-2.3567134268537075,4.656766312605229e-10,3.0546753373020633e-12,1.636766680981064e-36,1.507820585552507e-36
-2.336673346693387,6.016996969908995e-10,3.946938930315243e-12,4.457871736427086e-36,4.106903324186274e-36
-2.3166332665330662,7.774547852636219e-10,5.099830652836904e-12,1.2141389022301902e-35,1.1186115295031557e-35
-2.2965931863727453,1.0045475278649922e-09,6.58947937801981e-12,3.3068096285087953e-35,3.046801093583952e-35
-2.276553106212425,1.2979735347534834e-09,8.514251046589676e-12,9.006374993278201e-35,8.298678012005799e-35
-2.2565130260521045,1.6771085988346336e-09,1.1001244062795314e-11,2.452962283030595e-34,2.2603397672389347e-34
-2.2364729458917836,2.166988137257608e-09,1.4214681980474237e-11,6.680850117565748e-34,6.1565659686645e-34
-2.2164328657314627,2.7999603545519787e-09,1.8366757673284424e-11,1.819586055175694e-33,1.6768852663605493e-33
-2.1963927855711423,3.6178222908890826e-09,2.3731645061952682e-11,4.955796723555332e-33,4.567390670138532e-33
-2.176352705410822,4.674579805094437e-09,3.0663603634608183e-11,1.3497532496159865e-32,1.2440360680694863e-32
-2.156312625250501,6.04001374230773e-09,3.962037125558696e-11,3.676167510025558e-32,3.3884242676593653e-32
-2.1362725450901805,7.804287770958022e-09,5.1193389959515886e-11,1.0012354462925286e-31,9.229168922312546e-32
-2.11623246492986,1.0083902158251235e-08,6.614686062986974e-11,2.7269498647943993e-31,2.5137808098457914e-31
-2.096192384769539,1.3029386629691595e-08,8.54682054587053e-11,7.427080033456854e-31,6.846872143245802e-31
-2.0761523046092183,1.6835240295055333e-08,1.1043327037402762e-10,2.0228285169814145e-30,1.8649063578789686e-30
-2.056112224448898,2.175277500372686e-08,1.4269057294522342e-10,5.509345955487017e-30,5.079510250659667e-30
-2.0360721442885774,2.8106710214391628e-08,1.8437015890661177e-10,1.500517395954068e-29,1.38352385778244e-29
-2.0160320641282565,3.631661518773822e-08,2.3822425541944547e-10,4.086787329882184e-29,3.768352007567374e-29
-1.995991983967936,4.6924614393999706e-08,3.0780900882606065e-10,1.1130714804260118e-28,1.0263991309624206e-28
-1.9759519038076152,6.06311856058951e-08,3.977193075812659e-10,3.0315454626841834e-28,2.7956389793864304e-28
-1.9559118236472948,7.83414145316127e-08,5.138921964181503e-10,8.256673841103045e-28,7.6145790339243985e-28
-1.9358717434869739,1.0122476031900974e-07,6.639989170893253e-10,2.248775941600136e-27,2.0740093514008738e-27
-1.9158316633266534,1.307922784251749e-07,8.579514633007477e-10,6.124734353343684e-27,5.649051340243675e-27
-1.8957915831663326,1.6899640010741808e-07,1.1085570991690185e-09,1.668124038800759e-26,1.53865174345309e-26
-1.8757515030060121,2.183598572724985e-07,1.4323640610042586e-09,4.543279323756234e-26,4.1908792203136055e-26
-1.8557114228456917,2.821422659758329e-07,1.8507542866258483e-09,1.2374012468140636e-25,1.141484336139629e-25
-1.8356713426853708,3.645553685750924e-07,2.3913553283810673e-09,3.370168955296174e-25,3.1091005518280677e-25
-1.8156312625250504,4.710411476184185e-07,3.0898646826867766e-09,9.178945932062475e-25,8.468365211272542e-25
-1.7955911823647295,6.086311761555597e-07,3.9924070020069785e-09,2.4999651995792246e-24,2.306558059350233e-24
-1.775551102204409,7.864109334426363e-07,5.158579842989772e-09,6.808871345764842e-24,6.282452336929801e-24
-1.7555110220440882,1.0161197461893838e-06,6.66538907058416e-09,1.8544550323837246e-23,1.71117337392818e-23
-1.7354709418837677,1.3129259712552917e-06,8.61233378458535e-09,5.0507689160958057e-23,4.6607823801997264e-23
-1.7154308617234468,1.6964286074167242e-06,1.1127976541452134e-08,1.375620707812457e-22,1.2694734926662387e-22
-1.6953907815631264,2.191951475611559e-06,1.4378432722701134e-08,3.746622390598057e-22,3.4577090649598876e-22
-1.6753507014028055,2.83221542623724e-06,1.85783396281558e-08,1.0204251577842764e-21,9.417882332301215e-22
-1.655310621242485,3.6594989943279024e-06,2.400502961593018e-08,2.779216656477231e-21,2.5651813370856532e-21
-1.6352705410821646,4.7284301771065356e-06,3.101684318378938e-08,7.569438491008724e-21,6.986873545408475e-21
-1.6152304609218437,6.109593683295595e-06,4.0076791259171606e-08,2.0616025288698605e-20,1.9030390262776324e-20
-1.5951903807615233,7.894191851598001e-06,5.1783129189333264e-08,5.61495430078421e-20,5.1833735246512624e-20
-1.5751503006012024,1.0200067012676106e-05,6.690886132324481e-08,1.5292818258010587e-19,1.4118134586345936e-19
-1.555110220440882,1.3179482969117348e-05,8.645278479040348e-08,4.1651326997093604e-19,3.845405376445147e-19
-1.535070140280561,1.702917942768363e-05,1.1170544304938508e-07,1.1344103265785739e-18,1.0473864247968499e-18
-1.5150300601202407,2.2003363307935435e-05,1.443343443155719e-07,3.0896658582789365e-18,2.8528028008917957e-18
-1.4949899799599198,2.843049478202994e-05,1.8649407209559598e-07,8.414975775823295e-18,7.770278120947401e-18
-1.4749498997995993,3.673497647786892e-05,2.4096855875792405e-07,2.2918924828555705e-17,2.1164176527728707e-17
-1.4549098196392785,4.7465178048275336e-05,3.113549168967402e-07,6.242170458325806e-17,5.764560304339026e-17
-1.434869739478958,6.132964665192394e-05,4.0230096745073806e-07,1.7001099990020963e-16,1.570113321386422e-16
-1.4148296593186376,7.924389443192046e-05,5.198121493547883e-07,4.630399185362034e-16,4.276572213390668e-16
-1.3947895791583167,0.00010239085250853127,6.716480771466166e-07,1.2611300039369512e-15,1.164824834439099e-15
-1.3747494989979963,0.00013229898344320278,8.678349331801394e-07,3.4347987587194768e-15,3.172673878106462e-15
-1.3547094188376754,0.00017094321017247988,1.121327531451624e-06,9.354977561132002e-15,8.641522089170081e-15
-1.334669338677355,0.0002208753260497806,1.4488647773855012e-06,2.5479107832836713e-14,2.353721399886892e-14
-1.314629258517034,0.00028539249735847123,1.8720750297501449e-06,6.939460329144151e-14,6.410912766431065e-14
-1.2945891783567136,0.00036875498501877125,2.4189044036036044e-06,1.8900234463518402e-13,1.7461625874992328e-13
-1.2745490981963927,0.0004764674623012169,3.1254624615504233e-06,5.147646318844597e-13,4.756083717045349e-13
-1.2545090180360723,0.0006156425047927125,4.03840752528925e-06,1.4020071296805053e-12,1.2954310489459718e-12
-1.2344689378757514,0.0007954702549401916,5.21803006212635e-06,3.8184908845005004e-12,3.5284105629995777e-12
-1.214428857715431,0.0010278252745197585,6.742240240609162e-06,1.0399999253047596e-11,9.610454459321838e-12
-1.1943887775551105,0.0013280506573071593,8.711729457933976e-06,2.8325323065328132e-11,2.61763287649217e-11
-1.1743486973947896,0.0017159711792435687,1.1256663468971987e-05,7.714653943048861e-11,7.129737625931541e-11
-1.1543086172344692,0.0022172023874187574,1.454539224683554e-05,2.1011547593311303e-10,1.9419514123288075e-10
-1.1342685370741483,0.0028648420709155658,1.879586196830159e-05,5.722682438920603e-10,5.289360542707536e-10
-1.1142284569138279,0.0037016558063706836,2.4290763014996637e-05,1.558623666437911e-09,1.4406815110374042e-09
-1.094188376753507,0.004782900896334248,3.139812448218232e-05,4.245050878658099e-09,3.924034293912256e-09
-1.0741482965931866,0.006179975173484186,4.0600510268989433e-05,1.1561775898313145e-08,1.068802856275388e-08
-1.0541082164328657,0.007985131612104554,5.2539276278098814e-05,3.148953217270207e-08,2.91113547951067e-08
-1.0340681362725452,0.010317570066657986,6.808824757512497e-05,8.576456394379687e-08,7.929160864706819e-08
-1.0140280561122244,0.01333130839309273,8.849056140957004e-05,2.3358748630242152e-07,2.1596930977931616e-07
-0.9939879759519039,0.017225352706454485,0.00011564075186556717,6.361965012574951e-07,5.882431137721394e-07
-0.9739478957915835,0.022256838347201765,0.00015271581340634336,1.732738374173167e-06,1.6022182098647647e-06
-0.9539078156312626,0.028758009293351806,0.00020566730623279887,4.719268911571031e-06,4.364017413753702e-06
-0.9338677354709422,0.03715815721959747,0.0002868720405002596,1.2853354037354672e-05,1.1886425875257458e-05
-0.9138276553106213,0.04801196890480002,0.00042424888989361855,3.5007268801762945e-05,3.2375471198330016e-05
-0.8937875751503008,0.06203615385156061,0.000684313997552482,9.534545651803219e-05,8.81821959194419e-05
-0.87374749498998,0.08015677074867558,0.0012309688072698589,0.0002596819655765024,0.00024018491127246214
-0.8537074148296595,0.10383113328785602,0.00247630668653867,0.0007072673191220712,0.0006541999890279507
-0.8336673346693386,0.13641030662905576,0.005411983501882874,0.0019082105245844872,0.0017651285252196006
-0.8136272545090182,0.17396548830745218,0.011589650580225307,0.004756134225176539,0.004399752603703781
-0.7935871743486977,0.21606461833598647,0.023450807420357222,0.010842262317574538,0.010030441744939018
-0.7735470941883769,0.2623449130346222,0.044416342257599876,0.022718535485047868,0.021018848940081027
-0.7535070140280564,0.31184109739815924,0.07854856546622548,0.043968162944393506,0.040681621562097266
-0.7334669338677355,0.3633680112804692,0.129819321673439,0.07896652746864645,0.07306975241155897
-0.7134268537074151,0.4155972321380694,0.20103872738590714,0.1322177665504664,0.122355323881809
-0.6933867735470942,0.4671445957150055,0.29273073382472004,0.2073099315883942,0.19186509231554674
-0.6733466933867738,0.5166588495239863,0.40235324054523397,0.30571833589599146,0.282973088221175
-0.6533066132264529,0.5629024410716903,0.5242020959670418,0.4258215291046793,0.39418926158495354
-0.6332665330661325,0.6048173674641234,0.6501163577592264,0.5624944246600532,0.5207815038031579
-0.6132264529058116,0.6415716133626932,0.7708163678520661,0.7074879955796005,0.655125110914445
-0.5931863727454911,0.6725844710608979,0.8774906472026021,0.850554107144083,0.7877418232717375
-0.5731462925851707,0.6975315352435232,0.9631928820121383,0.9810351533678797,0.908769534163851
-0.5531062124248498,0.7163320983104543,1.0237198052596983,1.0895084372309245,1.0094835627688077
-0.5330661322645294,0.7291228989596086,1.0578436811126928,1.1690942973113603,1.0835077603764387
-0.5130260521042085,0.7362226966997125,1.066973976485414,1.2161767868320845,1.1274828165807742
-0.49298597194388805,0.7380920610430868,1.0544513475499895,1.230475949736703,1.1411349911019142
-0.47294589178356716,0.7352922373722497,1.0247110409125975,1.2145781645218419,1.1268433798197204
-0.4529058116232467,0.7284461593581315,0.98251147548837,1.1731294699590693,1.0888949925286198
-0.43286573146292584,0.7182037826779017,0.932345611879775,1.1119166324138732,1.0326354267019904
-0.4128256513026054,0.7052130448425091,0.8780737827615623,1.0370205060981588,0.9636858675880847
-0.3927855711422845,0.6900969978891925,0.8227588054120298,0.9541564682182319,0.8873327036512637
-0.3727454909819641,0.6734370611770357,0.7686537901031882,0.8682454013866966,0.8081301274178833
-0.35270541082164364,0.655761914106166,0.7172858524917055,0.7832036174240752,0.7297051419319301
-0.33266533066132276,0.6375412830466085,0.6695863210535383,0.7019076942504093,0.6547243714570239
-0.3126252505010023,0.6191837484677106,0.626031651907512,0.6262785050422104,0.5849712173780212
-0.29258517034068143,0.6010376760894668,0.5867732577238058,0.5574316713726671,0.5214845908446806
-0.272545090180361,0.5833944281594499,0.5517457687604034,0.49585248724401926,0.4647204260259356
-0.2525050100200401,0.566493109262692,0.5207509644464626,0.44156657034575275,0.4147093759213716
-0.23246492985971967,0.5505262221891076,0.49351907955900826,0.39428962985274735,0.37119530520655714
-0.2124248496993988,0.5356457359296594,0.46975123729112356,0.35354915694295713,0.33374790241955493
-0.19238476953907835,0.5219691879761041,0.4491472702393837,0.3187772026313349,0.301848617520079
-0.17234468937875747,0.5095855495739721,0.4314228648099668,0.28937709383523635,0.27495254550180387
-0.15230460921843703,0.4985606718984019,0.4163192853318901,0.2647686264100589,0.252530443722908
-0.1322645290581166,0.48894220239395175,0.403608185559532,0.24441664922094142,0.23409542347351484
-0.1122244488977957,0.4807639145789241,0.39309334004694846,0.2278475808327331,0.2192185168553322
-0.09218436873747526,0.47404943330001553,0.3846105801989475,0.21465768448848846,0.20753666220029626
-0.07214428857715438,0.4688153630335672,0.3780268051682659,0.20451612433216385,0.19875591239619694
-0.05210420841683394,0.46507384175438904,0.37323863933983725,0.19716507842288244,0.19265198213496937
-0.03206412825651306,0.462834549380948,0.37017110189191227,0.19241855542787345,0.18906967095507657
-0.012024048096192619,0.46210619984483253,0.36877651624554725,0.19016106674212363,0.18792224256683857
0.00801603206412782,0.46289754110850057,0.369033798002115,0.19034693190861862,0.18919149567197663
0.028056112224448704,0.465217879365696,0.3709482032240757,0.1930007171251637,0.19292900313040115
0.04809619238476959,0.4690771333614385,0.3745515821723063,0.19821909327907622,0.19925879514508418
0.06813627254508958,0.47448541325402954,0.37990315688071585,0.20617421809235986,0.20838158578872668
0.08817635270541047,0.48145210661895604,0.38709081547187535,0.21711856175167119,0.22058045617226615
0.10821643286573135,0.48998444298380345,0.3962328830865618,0.23139086964234273,0.23622767428962058
0.12825651302605223,0.5000854987108402,0.40748027850039537,0.24942264887872434,0.25579200935666746
0.14829659318637223,0.5117515973370794,0.421018883903348,0.27174413302678374,0.2798454413676386
0.1683366733466931,0.5249690581555059,0.43707182569164016,0.29898807630355295,0.30906752701770457
0.188376753507014,0.5397102497484048,0.45590116393837204,0.3318889148388616,0.3442448192236604
0.20841683366733488,0.5559289176344206,0.4778081894994236,0.3712737885580405,0.38626162838016614
0.22845691382765487,0.573554778819881,0.5031310991424347,0.4180406683338359,0.43607708613800145
0.24849699398797576,0.5924874138016106,0.5322382324529716,0.47311748884702226,0.4946820429391167
0.26853707414829664,0.612589541491437,0.5655142986711915,0.5373949952638039,0.5630280607530098
0.28857715430861663,0.6336798373914792,0.603336129495339,0.6116254188054652,0.641920126878053
0.3086172344689375,0.655525552090044,0.6460335828772715,0.6962798052942827,0.7318654588339538
0.3286573146292584,0.6778353061136982,0.693830553939259,0.791359802458529,0.8328739244970944
0.3486973947895793,0.7002525760857743,0.7467610929916633,0.8961661169258668,0.9442123877894901
0.3687374749498993,0.7223505398928334,0.8045571157374392,1.009036745433725,1.0641268406056987
0.38877755511022016,0.7436291038861531,0.8665080807917254,1.1270839259752707,1.1895629869217266
0.40881763527054105,0.7635150754185556,0.9313003264669792,1.2459785982857687,1.3159370071460403
0.42885771543086193,0.7813665444579437,0.996855153288286,1.359851696233432,1.4370300397486502
0.4488977955911819,0.7964825667719291,1.0601997502745024,1.461396357998936,1.5450956235085724
0.4689378757515028,0.8081191608166141,1.117421147754635,1.542254580739104,1.6312688117277945
0.4889779559118237,0.8155124015034695,1.1637650598607248,1.593745049053191,1.6863373104309385
0.5090180360721437,0.8179089809333805,1.1939403244917983,1.607927631651752,1.7018700892149086
0.5290581162324646,0.8146039860743345,1.202666031460943,1.5789051136644405,1.6715982306546984
0.5490981963927855,0.8049848168533573,1.1854457695477025,1.5041503008333037,1.5928234674021409
0.5691382765531063,0.7885791712467165,1.1394744703679238,1.3855512062641537,1.4675284985224037
0.5891783567134263,0.7651039384674835,1.0644960156571563,1.229835833698066,1.3028298837903487
0.6092184368737472,0.7345108002935284,0.963368069262562,1.0481140074841548,1.110494645382945
0.6292585170340681,0.6970235246334604,0.8420955441885102,0.8544699516526467,0.9054497210348628
0.649298597194389,0.653161556312383,0.7091941036965697,0.663817075460763,0.7035080188999054
0.669338677354709,0.6037447785403703,0.5744321947987318,0.48949267601128094,0.5188174097161977
0.6893787575150299,0.5498753980311725,0.44721743613198806,0.3412079743115797,0.3616853723104415
0.7094188376753507,0.4926829058640094,0.3350486720645673,0.223894018343629,0.23735293533006924
0.7294589178356707,0.4309451649538452,0.24304442722912428,0.13805727074454907,0.14636935391051403
0.7494989979959916,0.37767903930013225,0.1797205920602195,0.0836446940983096,0.088688589928637
0.7695390781563125,0.3322578179652536,0.13796006910540493,0.05067776426137846,0.05373847580374421
0.7895791583166334,0.2922991379230416,0.10953288122976523,0.03070410429545769,0.032561390185966925
0.8096192384769534,0.2571460516829426,0.08945233489402965,0.01860267307877338,0.01972970232194269
0.8296593186372743,0.22622061893844822,0.07469205692170254,0.011270786175574985,0.011954684719825574
0.8496993987975952,0.1990144048410039,0.06340873809580894,0.006828620893607574,0.00724362103484373
0.869739478957916,0.17508012099018855,0.05447207298004363,0.0041372496647538864,0.004389078166939349
0.889779559118236,0.1540242717125368,0.047181095432860067,0.0025066309116936847,0.0026594443666833035
0.9098196392785569,0.13550068472882992,0.04109342937997791,0.0015186894891178265,0.0016114190885817166
0.9298597194388778,0.1192048198497492,0.03592279326149356,0.0009201264551558552,0.0009763962395964337
0.9498997995991978,0.10486876213097149,0.03147764706066671,0.0005574757518742237,0.0005916211514765862
0.9699398797595187,0.09225681717185368,0.027624555288079385,0.00033775701673774574,0.00035847699190150347
0.9899799599198396,0.08116163614147573,0.02426633873725784,0.0002046363173645624,0.0002172095324888577
1.0100200400801604,0.07140080682483099,0.021329036029866785,0.0001239826676291605,0.00013161229889194917
1.0300601202404804,0.06281385464371719,0.018754089242392663,7.511716247321281e-05,7.974694766452055e-05
1.0501002004008013,0.05525960434707313,0.016493614208063674,4.551109708554613e-05,4.832052714943179e-05
1.0701402805611222,0.048613858995206705,0.014507486548238248,2.7573720403626356e-05,2.9278529302730057e-05
1.090180360721443,0.04276735807883153,0.012761495656292476,1.6706034061000228e-05,1.7740540691532826e-05
1.110220440881763,0.03762398120304275,0.01122612892360725,1.0121649387761042e-05,1.0749405503731643e-05
1.130260521042084,0.0330991678035765,0.009875731607393055,6.132381258502584e-06,6.513314373715877e-06
1.1503006012024048,0.0291185269144435,0.00868789497939995,3.715411639456774e-06,3.946568404748161e-06
1.1703406813627248,0.025616614130569416,0.007642987640356313,2.2510474925676354e-06,2.391317427608021e-06
1.1903807615230457,0.02253585565789659,0.006723780688232562,1.3638364994502826e-06,1.4489547508417106e-06
1.2104208416833666,0.019825601761612018,0.005915137849139148,8.263040672845792e-07,8.779553252730594e-07
1.2304609218436875,0.017441294050545866,0.005203753250692382,5.006306121130246e-07,5.319735158931264e-07
1.2505010020040075,0.01534373290734744,0.004577926056166744,3.033156668524202e-07,3.2233510460646737e-07
1.2705410821643284,0.013498433020492775,0.004027364886986528,1.8376898367838837e-07,1.9531032383674568e-07
1.2905811623246493,0.011875056422644017,0.0035430170961086808,1.1133956313656816e-07,1.1834305991519545e-07
1.3106212424849701,0.010446913714124602,0.0031169192204933325,6.745695619706176e-08,7.170680768415399e-08
1.3306613226452901,0.009190525271295257,0.0027420657275079936,4.0869930325747106e-08,4.34488196598682e-08
1.350701402805611,0.008085235225798239,0.002412293691004971,2.4761729875679046e-08,2.6326648623807726e-08
1.370741482965932,0.007112871868233903,0.0021221814031287243,1.5002305099566515e-08,1.5951927651595278e-08
1.390781563126252,0.006257448893074002,0.0018669592093822677,9.089394064415848e-09,9.665643334929274e-09
1.4108216432865728,0.005504902573080449,0.0016424310802302918,5.50695842952524e-09,5.8566377129171915e-09
1.4308617234468937,0.0048428605422010775,0.001444905620529483,3.3364804947067122e-09,3.548672769293162e-09
1.4509018036072145,0.004260438385575998,0.001271135378464082,2.021460727747407e-09,2.150223223770148e-09
1.4709418837675345,0.003748060692460073,0.0011182634544400888,1.22473450097466e-09,1.302870175026435e-09
1.4909819639278554,0.003297303630049981,0.000983776531419126,7.420249717780706e-10,7.894392890041675e-10
1.5110220440881763,0.002900756450025562,0.0008654635541782642,4.4956761070754944e-10,4.783395943580889e-10
1.5310621242484972,0.002551899650878473,0.0007613793780334256,2.723776275380754e-10,2.898370662793932e-10
1.5511022044088172,0.0022449977929365345,0.0006698127893397275,1.650242526800531e-10,1.7561900787698357e-10
1.571142284569138,0.0019750052038899,0.0005892583719857075,9.99825111238919e-11,1.0641163438345096e-10
1.591182364729459,0.0017374830245556786,0.0005183917573410969,6.057594927831378e-11,6.447727993138908e-11
1.611222444889779,0.0015285262310567008,0.0004560478507477973,3.670086834536915e-11,3.906828093975111e-11
1.6312625250500998,0.0013446994336107766,0.0004012016765822925,2.2235780244798864e-11,2.3672378506218786e-11
1.6513026052104207,0.00118298039641956,0.0003529515269691741,1.3471883813896828e-11,1.4343643760673018e-11
1.6713426853707416,0.0010407103500855966,0.00031050413709903896,8.1621431201185e-12,8.691146784385981e-12
1.6913827655310616,0.0009155502796609111,0.00027316164342318106,4.9451560879230646e-12,5.2661676271440766e-12
1.7114228456913825,0.0008054424696729626,0.0002403101103089373,2.99609599381017e-12,3.1908932348262673e-12
1.7314629258517034,0.0007085766739027774,0.00021140943652630422,1.8152287652031263e-12,1.9334362969341497e-12
1.7515030060120242,0.0006233603537233168,0.00018598447562157008,1.099782811654728e-12,1.1715139427113756e-12
1.7715430861723442,0.0005483924956967772,0.00016361722419106514,6.663193311603234e-13,7.098474980238287e-13
1.7915831663326651,0.00048244057797428936,0.00014393994962493448,4.0369913797413094e-13,4.3011308024595403e-13
1.811623246492986,0.0004244203068104354,0.00012662914433650524,2.4458687971433767e-13,2.606155016587096e-13
1.831663326653306,0.00037337779004706145,0.00011140020708064835,1.481864247124973e-13,1.5791298340887946e-13
1.8517034068136269,0.00032847385448663734,9.800276391849106e-05,8.97808301505219e-14,9.56831430608756e-14
1.8717434869739478,0.0002889702493223011,8.621655190201122e-05,5.439497155364157e-14,5.797663794561085e-14
1.8917835671342687,0.00025421750879959154,7.584779780348321e-05,3.2955950497583157e-14,3.512939102907475e-14
1.9118236472945886,0.00022364427456402603,6.672603235370168e-05,1.996681965090539e-14,2.1285713656444912e-14
1.9318637274549095,0.00019674790214665425,5.870128761289677e-05,1.2097174228233973e-14,1.2897508114762203e-14
1.9519038076152304,0.00017308619715202125,5.164163139726817e-05,7.329240855971663e-15,7.814899620243122e-15
1.9719438877755513,0.00015227014528580417,4.5430998225418914e-05,4.4405229042527185e-15,4.73522912573886e-15
1.9919839679358713,0.0001339575166990115,3.9967281124028155e-05,2.6903535811210457e-15,2.8691852695285432e-15
2.012024048096192,0.00011784723949980147,3.516065292074794e-05,1.6299895675146546e-15,1.7385059713651838e-15
2.032064128256513,0.00010367444992973566,3.0932089425268536e-05,9.875535066258634e-16,1.053401132569229e-15
2.052104208416833,9.120613782600913e-05,2.721207021864626e-05,5.983247645388425e-16,6.382802040229913e-16
2.072144288577154,8.023731577813614e-05,2.393943569100112e-05,3.625050979954352e-16,3.86748795165967e-16
2.092184368737475,7.058764899750474e-05,2.1060381536531625e-05,2.1963038954387842e-16,2.343400744995332e-16
2.1122244488977957,6.209849049253248e-05,1.8527574174649843e-05,1.3306763995305803e-16,1.419920920319351e-16
2.1322645290581157,5.4630272805764236e-05,1.6299372554182644e-05,8.062225637261224e-17,8.603630532534391e-17
2.1523046092184366,4.806021343129201e-05,1.433914354657049e-05,4.88473488756076e-17,5.213139498198758e-17
2.1723446893787575,4.2280296188043894e-05,1.2614659672675068e-05,2.959594027333571e-17,3.158762260293629e-17
2.1923847695390783,3.7195495361341666e-05,1.1097569261413397e-05,1.7932075871389932e-17,1.9139673934493206e-17
2.2124248496993983,3.272221341644346e-05,9.762930329277238e-06,1.0865241338476907e-17,1.1597172820618311e-17
2.2324649298597192,2.8786906599020762e-05,8.588800517400848e-06,6.583592957829988e-18,7.026996274419268e-18
2.25250501002004,2.5324875826533083e-05,7.555876344471092e-06,3.9894000654731815e-18,4.25782019501447e-18
2.27254509018036,2.2279202991930636e-05,6.6471758445515715e-06,2.4175867692852364e-18,2.579912113952476e-18
2.292585170340681,1.9599815191812257e-05,5.847759372176679e-06,1.4652067867148681e-18,1.5632286500759291e-18
2.312625250501002,1.7242661494324264e-05,5.144483984564607e-06,8.881285661223835e-19,9.471965340223957e-19
2.3326653306613228,1.5168988712304358e-05,4.5257873628255315e-06,5.384406322400267e-19,5.739283719118434e-19
2.3527054108216428,1.3344704274903383e-05,3.981497719687273e-06,3.2652780495278375e-19,3.477565259730915e-19
2.3727454909819636,1.1739815722861636e-05,3.502666568492448e-06,1.9809458306992716e-19,2.1071375327554812e-19
2.3927855711422845,1.0327937612371503e-05,3.0814216040787616e-06,1.2024445876378411e-19,1.2767635544790182e-19
2.4128256513026045,9.085857720689961e-06,2.7108372768037246e-06,7.304588286765498e-20,7.736206814721821e-20
2.4328657314629254,7.993155421633506e-06,2.384820931865133e-06,4.4422387470560714e-20,4.6875473277875253e-20
2.4529058116232463,7.0318659567935286e-06,2.098012641971606e-06,2.7056691766582798e-20,2.8402937610759523e-20
2.472945891783567,6.1861850828626065e-06,1.8456970865440268e-06,1.6515005751228748e-20,1.7209999355920173e-20
2.492985971943887,5.442209239278901e-06,1.6237260286839012e-06,1.0110606931356866e-20,1.0427938190399542e-20
2.513026052104208,4.7877069643682215e-06,1.4284501153773923e-06,6.2153157126463666e-21,6.318529864754622e-21
2.533066132264529,4.211917801914078e-06,1.2566588796852492e-06,3.842336655039307e-21,3.828543948270738e-21
2.55310621242485,3.705375392042532e-06,1.1055279585136728e-06,2.393510945626646e-21,2.3198036691418745e-21
2.57314629258517,3.259751837919331e-06,9.725726581914978e-07,1.5061802235844679e-21,1.4056229041839337e-21
2.5931863727454907,2.8677207895421697e-06,8.55607104440282e-07,9.604018876258667e-22,8.51699553306287e-22
2.6132264529058116,2.5228369936349063e-06,7.52708305135731e-07,6.22729738874589e-22,5.160645340531431e-22
2.6332665330661316,2.21943032936241e-06,6.621845350278629e-07,4.1214876028997965e-22,3.1269548313561087e-22
2.6533066132264524,1.952512587742107e-06,5.825475226435609e-07,2.794327657491388e-22,1.8946945337526324e-22
2.6733466933867733,1.7176954621443729e-06,5.124879821058817e-07,1.9463491354752557e-22,1.1480394088951989e-22
2.693386773547094,1.5111184015890531e-06,4.5085408759631966e-07,1.3950601512809084e-22,6.956237329539332e-23
2.713426853707414,1.3293851406991527e-06,3.9663253656613116e-07,1.0289875939032873e-22,4.214945707433823e-23
2.733466933867735,1.1695078628208513e-06,3.4893189036302293e-07,7.798129707235398e-23,2.5539334664693928e-23
2.753507014028056,1.0288580783146662e-06,3.069679183820887e-07,6.054731566294526e-23,1.5474875843948654e-23
2.773547094188377,9.051234104233598e-07,2.7005070478882926e-07,4.7990669685594946e-23,9.376586568508868e-24
2.793587174348697,7.962695782477676e-07,2.3757330584028895e-07,3.868284287991486e-23,5.6814915068363664e-24
2.8136272545090177,7.00506951804837e-07,2.0900177132297146e-07,3.159464736381973e-23,3.44254761649216e-24
2.8336673346693386,6.16261129310927e-07,1.8386636605336984e-07,2.6066049881655522e-23,2.085919529679058e-24
2.8537074148296586,5.421470529608571e-07,1.6175384711659015e-07,2.1665875503472243e-23,1.2639070737764014e-24
2.8737474949899795,4.769462376489457e-07,1.4230066987576212e-07,1.8106079841039537e-23,7.658306413132606e-25
2.8937875751503004,4.1958673825698994e-07,1.2518701105448895e-07,1.5189182035062584e-23,4.640345665776604e-25
2.9138276553106213,3.691255261577769e-07,1.1013151062773824e-07,1.2775874977041599e-23,2.811693178137471e-25
2.9338677354709413,3.2473298519221734e-07,9.688664607439669e-08,1.0764934892637356e-23,1.7036701783425797e-25
2.953907815631262,2.8567927222343687e-07,8.523466294106141e-08,9.080647273722615e-24,1.0322933167609737e-25
2.973947895791583,2.5132231802631456e-07,7.498399481284349e-08,7.664842541573346e-24,6.25490488344438e-26
2.993987975951904,2.2109727123891063e-07,6.596611383305989e-08,6.471772825151128e-24,3.789992094852906e-26
3.014028056112224,1.945072118273829e-07,5.8032759992282475e-08,5.464751724389411e-24,2.296444206060858e-26
3.034068136272545,1.7111498138744787e-07,5.105350363437599e-08,4.613898149683212e-24,1.391468863144151e-26
3.0541082164328657,1.5053599596714055e-07,4.4913601105511264e-08,3.894580085787035e-24,8.43123291212387e-27
3.0741482965931857,1.324319232487825e-07,3.951210829156013e-08,3.2863091419733814e-24,5.108679777271952e-27
3.0941883767535066,1.165051201388364e-07,3.4760221029178746e-08,2.771931245450898e-24,3.095467690042985e-27
3.1142284569138274,1.0249373931590586e-07,3.0579815105828035e-08,2.3370165878062497e-24,1.8756157437639748e-27
3.1342685370741483,9.016742428520139e-08,2.690216184533633e-08,1.9693873595665197e-24,1.1364791270705795e-27
3.1543086172344683,7.932352216332831e-08,2.3666798162385e-08,1.6587436479978246e-24,6.886190897903052e-28
3.174348697394789,6.978375192900649e-08,2.0820532508845955e-08,1.3963614320222409e-24,4.172502948170427e-28
3.19438877755511,6.139127336355734e-08,1.8316570369070195e-08,1.1748451057864021e-24,2.5282164131975963e-28
3.214428857715431,5.400810849255089e-08,1.611374492667574e-08,9.879223556526638e-25,1.5319050247200906e-28
3.234468937875751,4.75128731353972e-08,1.4175840254485038e-08,8.302726947213298e-25,9.282168221487863e-29
3.254509018036072,4.179878126803281e-08,1.247099590040065e-08,6.973832500804382e-25,5.624281238175293e-29
3.2745490981963927,3.677188938909292e-08,1.0971183080212956e-08,5.854269442697528e-25,3.4078825864049254e-29
3.2945891783567127,3.234955202576314e-08,9.651743865595168e-09,4.911592859175464e-25,2.064915183098124e-29
3.3146292585170336,2.8459062986791594e-08,8.490985791228183e-09,4.1183075282561086e-25,1.2511800525049952e-29
3.3346693386773545,2.5036460023964717e-08,7.469825216128888e-09,3.451123180228337e-25,7.581190436295084e-30
3.3547094188376754,2.202547324985696e-08,6.57147357579588e-09,2.890321007158673e-25,4.593619304935402e-30
3.3747494989979954,1.937660002315908e-08,5.781161366954206e-09,2.4192146105224662e-25,2.7833805912132815e-30
3.3947895791583163,1.7046291092061863e-08,5.0858953270181074e-09,2.023691269050755e-25,1.6865149245648058e-30
3.414829659318637,1.4996234615361117e-08,4.474244816143566e-09,1.691821601097153e-25,1.021898550187094e-30
3.434869739478958,1.3192726290100893e-08,3.936153889845209e-09,1.4135275063827689e-25,6.191920579321006e-31
3.454909819639278,1.1606115230235048e-08,3.462775972526623e-09,1.1802997837287862e-25,3.75182844261786e-31
3.474949899799599,1.0210316486181152e-08,3.0463284138464005e-09,9.849580937867245e-26,2.2733199630896284e-31
3.49498997995992,8.982382190760844e-09,2.6799645367287677e-09,8.214470128753091e-26,1.377457347430227e-31
3.5150300601202398,7.902124280877851e-09,2.3576610734019754e-09,6.846628394602658e-26,8.346333885225881e-32
3.5350701402805607,6.951782592224487e-09,2.074119138837481e-09,5.70306594949755e-26,5.057237485692547e-32
3.5551102204408815,6.115732870274003e-09,1.8246771135277629e-09,4.7475932649839713e-26,3.0642976111901563e-32
3.5751503006012024,5.380229897060405e-09,1.605234003336076e-09,3.949763887306371e-26,1.8567290692815492e-32
3.5951903807615224,4.73318151057929e-09,1.4121820164031928e-09,3.283978680753064e-26,1.1250352524917302e-32
3.6152304609218433,4.16394980153719e-09,1.2423472486303964e-09,2.728727297913113e-26,6.816849804795876e-33
3.635270541082164,3.6631762189909905e-09,1.092937502568279e-09,2.2659462394151416e-26,4.130487569898356e-33
3.655310621242485,3.2226277094952267e-09,9.61496381818401e-10,1.880475911921736e-26,2.5027583199913545e-33
3.675350701402805,2.8350613601841145e-09,8.458629062297618e-10,1.5596016976412272e-26,1.5164793749615785e-33
3.695390781563126,2.494105320427427e-09,7.441359839361106e-10,1.292666274565138e-26,9.188700628080362e-34
3.715430861723447,2.194154044334458e-09,6.546431561311957e-10,1.070742328206602e-26,5.567647053203152e-34
3.735470941883767,1.930276131821216e-09,5.759131007246382e-10,8.863564192471119e-27,3.373566618800396e-34
3.7555110220440877,1.698133253086527e-09,5.066514428202334e-10,7.332561570816135e-27,2.044122341579889e-34
3.7755511022044086,1.4939088235616726e-09,4.457194743249213e-10,6.0621401101802306e-27,1.2385811870618195e-34
3.7955911823647295,1.3142452567011386e-09,3.921154328242517e-10,5.0086209823167315e-27,7.504850985375856e-35
3.8156312625250495,1.1561887630086383e-09,3.4495803193662516e-10,4.135531457317938e-27,4.547363459177562e-35
3.8356713426853704,1.0171407877573933e-09,3.034719723743211e-10,3.412435542148341e-27,2.7553531003023366e-35
3.8557114228456912,8.948152890083218e-10,2.669751955034396e-10,2.8139511333053596e-27,1.6695324170808138e-35
3.875751503006012,7.872011535476967e-10,2.348676698426139e-10,2.3189244649292903e-27,1.0116084546034316e-35
3.895791583166332,6.925291328376888e-10,2.0662152614320277e-10,1.9097371257379078e-27,6.129570501029814e-36
3.915831663326653,6.092427553840674e-10,1.8177237886488984e-10,1.5717247330391557e-27,3.7140490825397956e-36
3.935871743486974,5.359727373013794e-10,1.5991169136608183e-10,1.2926895898038408e-27,2.2504285716587744e-36
3.955911823647294,4.71514470367804e-10,1.4068005928760516e-10,1.0624923968961707e-27,1.3635869218709901e-36
3.9759519038076148,4.1480821745829454e-10,1.2376130170405738e-10,8.727104202106063e-28,8.262289756333024e-37
3.9959919839679356,3.649216897557901e-10,1.0887726289742936e-10,7.163514841282131e-28,5.006313196663397e-37
4.016032064128256,3.210347192979971e-10,9.578323929060449e-11,5.87614831736168e-28,3.0334414021096126e-37
4.0360721442885765,2.8242577486613966e-10,8.426395635646897e-11,4.816913041759573e-28,1.838032575781511e-37
4.056112224448897,2.4846009952805e-10,7.413002936038139e-11,3.94596485115539e-28,1.1137066129856576e-37
4.076152304609218,2.1857927480856925e-10,6.521484974814171e-11,3.230314647577233e-28,6.748206947750115e-38
4.096192384769539,1.922920399154321e-10,5.737184598965895e-11,2.6426672917558703e-28,4.0888952690674777e-38
4.11623246492986,1.6916621508247318e-10,5.047207384472882e-11,2.160453990773255e-28,2.477556579229704e-38
4.136272545090179,1.4882159624452736e-10,4.440209643327591e-11,1.7650264774020753e-28,1.501209055101221e-38
4.1563126252505,1.3092370422764555e-10,3.906211925697826e-11,1.4409863814525567e-28,9.096174214590132e-39
4.176352705410821,1.151782856872746e-10,3.436434951082432e-11,1.1756274901049412e-28,5.511583150995272e-39
4.196392785571142,1.013264753859448e-10,3.023155271052311e-11,9.584722095313722e-29,3.3395961987633105e-39
4.216432865731463,8.914054027523162e-11,2.659578290580682e-11,7.80886580079912e-29,2.023538875355688e-39
4.236472945891784,7.84201354117395e-11,2.3397265603449643e-11,6.357607517060665e-29,1.2261091869705546e-39
4.2565130260521045,6.898901015192069e-11,2.05834150345261e-11,5.172439712841934e-29,7.429280241079334e-40
4.276553106212425,6.069211047331624e-11,1.8107969609110364e-11,4.205249333002181e-29,4.5015733906099224e-40
4.2965931863727445,5.339302978248126e-11,1.593023134472451e-11,3.416498546925954e-29,2.72760783460554e-40
4.316633266533065,4.6971766299116715e-11,1.4014396764215416e-11,2.773718993090541e-29,1.6527209164067295e-40
4.336673346693386,4.132275014636485e-11,1.2328968262591891e-11,2.250266364761689e-29,1.0014219760163267e-40
4.356713426853707,3.635310771123762e-11,1.0846236265275743e-11,1.824291043614009e-29,6.067848262178199e-41
4.376753507014028,3.1981134740160066e-11,9.541823664120073e-12,1.4778878983646416e-29,3.67665014495534e-41
4.396793587174349,2.8134953066257054e-11,8.39428504140611e-12,1.1963945576322747e-29,2.227767687049443e-41
4.41683366733467,2.475132888410236e-11,7.384754092798833e-12,9.678126368075456e-30,1.3498561657467407e-41
4.436873747494989,2.17746331435595e-11,6.496633452653806e-12,7.82330713204079e-30,8.179091916975427e-42
4.45691382765531,1.915592697089988e-11,5.715321822197989e-12,6.319314413420143e-30,4.955901694112871e-42
4.476953907815631,1.6852157080909705e-11,5.027973914389293e-12,5.1006819787557794e-30,3.0028959022620375e-42
4.4969939879759515,1.4825447952014104e-11,4.4232892687847416e-12,4.1139914166856205e-30,1.8195243482197984e-42
4.517034068136272,1.3042479127307724e-11,3.891326464394052e-12,3.315686513108838e-30,1.1024920481827898e-42
4.537074148296593,1.1473937403904916e-11,3.423339676053788e-12,2.6702782911524664e-30,6.680255295816734e-43
4.557114228456914,1.0094034904229234e-11,3.0116348871974673e-12,2.148871952986589e-30,4.047721785462467e-43
4.577154308617233,8.880085106018367e-12,2.6494433950652057e-12,1.7279588718134024e-30,2.452608609549403e-43
4.597194388777554,7.812129860684934e-12,2.3308105286914035e-12,1.3884266644644863e-30,1.4860925010309581e-43
4.617234468937875,6.8726112679758695e-12,2.0504977501227544e-12,1.114748567696969e-30,9.004579503723533e-44
4.637274549098196,6.0460830123179295e-12,1.803896529341256e-12,8.94320128329458e-31,5.456083789039151e-44
4.657314629258517,5.318956415034565e-12,1.5869525769411767e-12,7.169168358495267e-31,3.3059678467723034e-44
4.677354709418838,4.679277027357778e-12,1.3960991888930152e-12,5.742509738141823e-31,2.0031626761026796e-44
4.697394789579159,4.116528091275245e-12,1.2281986075378556e-12,4.596098081637985e-31,1.2137627747494566e-44
4.7174348697394795,3.6214576369774735e-12,1.0804904347477003e-12,3.6756040385934946e-31,7.354470462847024e-45
4.737474949899799,3.185926374271366e-12,9.505462491295958e-13,2.9370898041154583e-31,4.4562444090489415e-45
4.757515030060119,2.802773877191928e-12,8.362296811496473e-13,2.3450487705025754e-31,2.7001419522312806e-45
4.77755511022044,2.465700861799113e-12,7.35661289785695e-13,1.8708097858154315e-31,1.636078700574489e-45
4.797595190380761,2.1691656217261985e-12,6.471876632567309e-13,1.491239190994998e-31,9.913380710453195e-46
4.817635270541082,1.9082929188115313e-12,5.693542358246381e-13,1.1876858719730236e-31,6.00674754068214e-46
4.837675350701403,1.6787938309147438e-12,5.008813737583094e-13,9.451244838636596e-32,3.639627799166948e-46
4.857715430861724,1.4768952391609685e-12,4.40643337297093e-13,7.514601557100395e-32,2.2053349881530193e-46
4.877755511022043,1.2992777953371056e-12,3.8764977273443807e-13,5.969646768186005e-32,1.3362636726440132e-46
4.897795591182364,1.1430213495812975e-12,3.4102943033884105e-13,4.738196563274055e-32,8.096731845366426e-47
4.917835671342685,1.005556941161842e-12,3.000158404242545e-13,3.757466487364829e-32,4.905997814492359e-47
4.937875751503006,8.846245630399991e-13,2.6393471207438943e-13,2.9770792517010627e-32,2.9726579829338273e-47
4.9579158316633265,7.782360058392453e-13,2.3219284734791186e-13,2.356645880385506e-32,1.8012024908361177e-47
4.977955911823647,6.84642170349986e-13,2.0426838870627897e-13,1.8638119504046092e-32,1.0913904093979156e-47
4.997995991983968,6.023043111659445e-13,1.7970223932538504e-13,1.4726807562757906e-32,6.612987888845426e-48
5.018036072144287,5.298687386779631e-13,1.580905152347525e-13,1.1625417029152916e-32,4.006962901766938e-48
5.038076152304608,4.661445635092179e-13,1.3907790519181439e-13,9.168456711980154e-33,2.4279118555801554e-48
5.058116232464929,4.100841174954847e-13,1.2235182912200063e-13,7.223800593125069e-33,1.471128164392811e-48
5.07815631262525,3.6076572931806227e-13,1.0763729908326718e-13,5.686051307576703e-33,8.913907113619699e-49
5.098196392785571,3.1737857160933436e-13,9.469239826218135e-14,4.471205672789968e-33,5.401143282647471e-49
5.118236472945892,2.7920933040725997e-13,8.330430366690243e-14,3.5123703624516614e-33,3.272678118343293e-49
5.138276553106213,2.456304777955481e-13,7.328578711708205e-14,2.75632386172477e-33,1.9829916567280444e-49
5.158316633266534,2.160899549240162e-13,6.447213698843318e-14,2.1607598548133376e-33,1.2015406857804953e-49
5.178356713426853,1.9010209579094524e-13,5.671845007889199e-14,1.692078852171974e-33,7.280413988064976e-50
5.1983967935871735,1.6723964256837191e-13,4.989724903760591e-14,1.3236205304749707e-33,4.411371871538222e-50
5.218436873747494,1.4712672119698574e-13,4.389638613734347e-14,1.0342500502453884e-33,2.672952639904825e-50
5.238476953907815,1.2943266176454668e-13,3.861719886423688e-14,8.072284455916071e-34,1.619604064955612e-50
5.258517034068136,1.1386656207083857e-13,3.3972886925892334e-14,6.293107916509997e-34,9.813557068164505e-51
5.278557114228457,1.0017250500046087e-13,2.9887083911564124e-14,4.900268544300575e-34,5.946262078118326e-51
5.298597194388778,8.81253510738703e-14,2.6292600042444096e-14,3.8110780862251273e-34,3.602978253050572e-51
5.318637274549097,7.752703700339231e-14,2.3130315286740373e-14,2.9602977358735983e-34,2.183128177233621e-51
5.338677354709418,6.820331939996401e-14,2.0348204638703265e-14,2.2965069278698226e-34,1.322808050311096e-51
5.358717434869739,6.000091009501568e-14,1.790047962280047e-14,1.7792173314389971e-34,8.015201105530575e-52
5.37875751503006,5.2784955980193944e-14,1.5746832125701686e-14,1.3765812351971967e-34,4.856596446248545e-52
5.398797595190381,4.643682193184645e-14,1.3851768511233344e-14,1.0635736068609064e-34,2.942724546916019e-52
5.4188376753507015,4.085214037005482e-14,1.2184023654952156e-14,8.205512843181449e-35,1.7830651269596734e-52
5.438877755511022,3.593909538564036e-14,1.0716046047790982e-14,6.321121556488768e-35,1.0804005595126289e-52
5.4589178356713415,3.1616913225065534e-14,9.42354644821419e-15,4.861927434619025e-35,6.546397836772042e-53
5.478957915831662,2.7814534315760196e-14,8.28510368130986e-15,3.733550736692115e-35,3.9666144431304814e-53
5.498997995991983,2.446944499911776e-14,7.281822055511626e-15,2.8622368657748183e-35,2.403463787683512e-53
5.519038076152304,2.152664976402557e-14,6.397035459912317e-15,2.190416279765641e-35,1.4563145124200232e-53
5.539078156312625,1.8937767083795166e-14,5.61605350005754e-15,1.6732063404808286e-35,8.824147756889091e-54
5.559118236472946,1.666023399142269e-14,4.925945039558619e-15,1.2756581402718544e-35,5.346756004375425e-54
5.579158316633267,1.4656606315877034e-14,4.315354291007976e-15,9.705919427339781e-36,3.239723603676718e-54
5.599198396793588,1.2893943074821e-14,3.774344238773524e-15,7.368972231181829e-36,1.9630237511550293e-54
5.619238476953907,1.13432649027787e-14,3.2942618131453577e-15,5.581990465450573e-36,1.1894416681798632e-54
5.639278557114228,9.979077610934067e-15,2.867619026622529e-15,4.21813003764671e-36,7.207103231277505e-55
5.6593186372745485,8.778953045578083e-15,2.4879843810088922e-15,3.1792719821654627e-36,4.366951181874685e-55
5.679358717434869,7.7231603542213e-15,2.1498793744492247e-15,2.3896269639054463e-36,2.646037112679983e-55
5.69939879759519,6.794341597152122e-15,1.848675930496132e-15,1.790740979116213e-36,1.6032953220865027e-55
5.719438877755511,5.977226371269034e-15,1.5804919995623903e-15,1.3375999774822538e-36,9.714738608563403e-56
5.739478957915832,5.258380754416212e-15,1.342084317457187e-15,9.95595362521916e-37,5.886385679083306e-56
5.759519038076151,4.625986442696026e-15,1.130739139156277e-15,7.3816311237116825e-37,3.566697752667794e-56
5.779559118236472,4.0696464496287976e-15,9.44163446772368e-16,5.449493741665336e-37,2.1611449796924967e-56
5.799599198396793,3.580214172725608e-15,7.803804080708523e-16,4.003870328832959e-37,1.3094879205160518e-56
5.819639278557114,3.14964301720955e-15,6.376335351299372e-16,2.925926990052418e-37,7.934491346440903e-57
5.839679358717435,2.77085410460365e-15,5.143039528775828e-16,2.125131978538387e-37,4.8076925293008985e-57
5.859719438877756,2.4376198912221924e-15,4.088444411796262e-16,1.532660882017913e-37,2.913092528189095e-57
5.8797595190380765,2.1444617831770862e-15,3.1973258579698085e-16,1.0963087098468953e-37,1.7651103988187043e-57
5.899799599198396,1.8865600646217034e-15,2.4544368097934797e-16,7.765706979741763e-38,1.0695213728606216e-57
5.9198396793587165,1.6596746583902007e-15,1.8444224071843326e-16,5.436282726637265e-38,6.480478318928874e-58
5.939879759519037,1.4600754162868415e-15,1.351893700450992e-16,3.750350351966257e-38,3.926672276759422e-58
5.959919839679358,1.2844807929482635e-15,9.6162049152933e-17,2.53943311648471e-38,2.3792619017104247e-58
5.979959919839679,1.1300038950377789e-15,6.587973554368767e-17,1.6774748862305173e-38,1.4416500277973086e-58
6.0,9.056200101971067e-16,4.2933636044786335e-17,1.070481839907335e-38,8.73529223983311e-59
