x,p,pconv
-5.0,6.027132870327893e-94,1.6173045048422418e-88
-4.98998998998999,9.94203691406079e-94,2.667819488598067e-88
-4.97997997997998,1.6399853815595873e-93,4.4006929709731e-88
-4.96996996996997,2.7052324136166684e-93,7.259148635491527e-88
-4.95995995995996,4.462407100679613e-93,1.19743046304702e-87
-4.94994994994995,7.360948742135511e-93,1.9752174457994332e-87
-4.93993993993994,1.2142228434536123e-92,3.2582133666305604e-87
-4.92992992992993,2.0029172396285543e-92,5.374575005288299e-87
-4.91991991991992,3.3039054490120274e-92,8.865612282798464e-87
-4.90990990990991,5.449946208479251e-92,1.46242411731029e-86
-4.8998998998999,8.989940582046625e-92,2.4123368241441626e-86
-4.88988988988989,1.4829326488211014e-91,3.979262159753399e-86
-4.87987987987988,2.4461666024036492e-91,6.563978618226902e-86
-4.86986986986987,4.035065956280581e-91,1.0827589027117065e-85
-4.85985985985986,6.65602958340459e-91,1.7860613349553654e-85
-4.84984984984985,1.097943138852504e-90,2.9461915151717785e-85
-4.83983983983984,1.8111084409223446e-90,4.859880382650252e-85
-4.82982982982983,2.9875078851609015e-90,8.016599468121815e-85
-4.81981981981982,4.928033662828864e-90,1.3223754901766064e-84
-4.80980980980981,8.129021483960303e-90,2.1813200771353977e-84
-4.7997997997998,1.3409200262799209e-89,3.598189254304911e-84
-4.78978978978979,2.21191015477863e-89,5.935381077495019e-84
-4.77977977977978,3.648649014800849e-89,9.790688050365878e-84
-4.76976976976977,6.0186168070371596e-89,1.6150196802531542e-83
-4.75975975975976,9.927989270277163e-89,2.6640503243358762e-83
-4.74974974974975,1.6376681571668288e-88,4.394475322728837e-83
-4.73973973973974,2.7014100438521123e-88,7.248892104501297e-83
-4.72972972972973,4.4561019233895126e-88,1.1957385781852818e-82
-4.71971971971972,7.350548057976633e-88,1.9724265815361073e-82
-4.70970970970971,1.2125072020687972e-87,3.2536096857011906e-82
-4.6996996996997,2.000087209107284e-87,5.36698099994391e-82
-4.68968968968969,3.299237181609312e-87,8.853085599156997e-82
-4.67967967967968,5.442245683562835e-87,1.4603577807862585e-81
-4.66966966966967,8.977238206866697e-87,2.4089283041678016e-81
-4.65965965965966,1.4808373327620464e-86,3.973639645687679e-81
-4.64964964964965,2.442710280790382e-86,6.554704017741927e-81
-4.63963963963964,4.029364592496958e-86,1.0812290139803726e-80
-4.62962962962963,6.646624917800242e-86,1.7835377120135846e-80
-4.61961961961962,1.0963917953760516e-85,2.942028681291381e-80
-4.60960960960961,1.8085494274675049e-85,4.8530135938472205e-80
-4.5995995995996,2.9832866730557474e-85,8.00527237950926e-80
-4.58958958958959,4.921070576486604e-85,1.32050703404956e-79
-4.57957957957958,8.117535548120068e-85,2.1782379715620098e-79
-4.56956956956957,1.3390253675661847e-84,3.5931051773378946e-79
-4.55955955955956,2.2087848268197515e-84,5.926994655296701e-79
-4.54954954954955,3.6434936404952124e-84,9.776854255611498e-79
-4.53953953953954,6.01011277655465e-84,1.6127377312555334e-78
-4.52952952952953,9.913961475172189e-84,2.660286142981441e-78
-4.51951951951952,1.6353542069062807e-83,4.388266129936371e-78
-4.50950950950951,2.697593074921265e-83,7.238649751250119e-78
-4.4994994994995,4.4498056550267606e-83,1.1940490542225418e-77
-4.48948948948949,7.340162069509132e-83,1.9696396329212075e-77
-4.47947947947948,1.2107939848068841e-82,3.2490124839133647e-77
-4.46946946946947,1.997261177289744e-82,5.359397701075398e-77
-4.45945945945946,3.2945755102550843e-82,8.840576593813447e-77
-4.44944944944945,5.434556039136194e-82,1.4582943619839935e-76
-4.43943943943944,8.964553779562624e-82,2.405524598568035e-76
-4.42942942942943,1.4787449772887797e-81,3.96802507447355e-76
-4.41941941941942,2.439258842801591e-81,6.545442520531155e-76
-4.40940940940941,4.0236712844797944e-81,1.079701286798478e-75
-4.3993993993994,6.637233540558763e-81,1.7810176547386271e-75
-4.38938938938939,1.094842643877e-80,2.9378717292227606e-75
-4.37937937937938,1.805994029781723e-80,4.8461565074339365e-75
-4.36936936936937,2.979071425330378e-80,7.993961295497914e-75
-4.35935935935936,4.9141173286672556e-80,1.3186412179609097e-74
-4.34934934934935,8.10606584138201e-80,2.1751602208590963e-74
-4.33933933933934,1.3371333859186203e-79,3.588028283936173e-74
-4.32932932932933,2.2056639148064434e-79,5.918620082727203e-74
-4.31931931931932,3.6383455504979604e-79,9.763040007374941e-74
-4.3093093093093096,6.001620761878385e-79,1.6104590065474042e-73
-4.2992992992992995,9.899953500700595e-79,2.6565272802431213e-73
-4.2892892892892895,1.6330435261516976e-78,4.38206571044948e-73
-4.2792792792792795,2.693781499193148e-78,7.22842186997595e-73
-4.2692692692692695,4.443518283003324e-78,1.192361917479944e-72
-4.2592592592592595,7.329790755968672e-78,1.966856622137332e-72
-4.2492492492492495,1.209083188242664e-77,3.244421777761571e-72
-4.2392392392392395,1.994439138526062e-77,5.351825117061617e-72
-4.2292292292292295,3.2899204256293376e-77,8.828085263122788e-72
-4.2192192192192195,5.426877259825691e-77,1.456233858698201e-71
-4.2092092092092095,8.951887274774618e-77,2.402125702248731e-71
-4.1991991991991995,1.4766555782182123e-76,3.96241843639196e-71
-4.1891891891891895,2.43581228153687e-76,6.536194109392685e-71
-4.1791791791791795,4.0179860208466605e-76,1.0781757182252722e-70
-4.1691691691691695,6.627855432904119e-76,1.77850115818943e-70
-4.1591591591591595,1.0932956812582476e-75,2.933720650737431e-70
-4.1491491491491495,1.8034422427560323e-75,4.8393091097703674e-70
-4.1391391391391394,2.9748621335573977e-75,7.98266619353134e-70
-4.129129129129129,4.907173905469296e-75,1.316778038185122e-69
-4.119119119119119,8.094612340815612e-75,2.1720868188772662e-69
-4.109109109109109,1.3352440775546178e-74,3.5829585639528103e-69
-4.099099099099099,2.2025474124991765e-74,5.910257343045992e-69
-4.089089089089089,3.633204734516594e-74,9.749245278039772e-69
-4.079079079079079,5.993140746030923e-74,1.608183501573144e-68
-4.069069069069069,9.885965318856448e-74,2.6527737286060558e-68
-4.059059059059059,1.6307361102834165e-73,4.375874051871942e-68
-4.049049049049049,2.6899753090473364e-73,7.218208440230565e-68
-4.039039039039039,4.4372397947493335e-73,1.1906771645844566e-67
-4.029029029029029,7.319434096620041e-73,1.964077543620501e-67
-4.019019019019019,1.2073748089558014e-72,3.239837558067751e-67
-4.009009009009009,1.9916210871741795e-72,5.344263232762946e-67
-3.998998998998999,3.285271918425604e-72,8.815611582111698e-67
-3.988988988988989,5.419209330279414e-72,1.4541762668094081e-66
-3.978978978978979,8.939238667178988e-72,2.3987316084146384e-66
-3.968968968968969,1.4745691313730834e-71,3.9568197202338274e-66
-3.958958958958959,2.4323705901058378e-71,6.526958765836627e-66
-3.948948948948949,4.0123087902312094e-71,1.076652305210762e-65
-3.938938938938939,6.618490576086988e-71,1.7759882173348795e-65
-3.928928928928929,1.0917509044270064e-70,2.9295754375363455e-65
-3.918918918918919,1.800894061288888e-70,4.832471387166845e-65
-3.908908908908909,2.970658789321318e-70,7.97138705102778e-65
-3.898898898898899,4.900240293010982e-70,1.3149174909972313e-64
-3.888888888888889,8.083175023522288e-70,2.1690177594720203e-64
-3.878878878878879,1.3333574386970633e-69,3.577896007252157e-64
-3.868868868868869,2.1994353136672376e-69,5.901906419533883e-64
-3.858858858858859,3.6280711822732604e-69,9.73547004002693e-64
-3.848848848848849,5.984672712058465e-69,1.6059112117834498e-63
-3.838838838838839,9.871996901674511e-69,2.6490254805659627e-63
-3.828828828828829,1.6284319546883029e-68,4.369691141825099e-63
-3.818818818818819,2.6861744968742486e-68,7.2080094415948e-63
-3.808808808808809,4.43097017771243e-68,1.1889947921678421e-62
-3.798798798798799,7.309092070758161e-68,1.9613023918146505e-62
-3.7887887887887888,1.2056688435307939e-67,3.2352598156669295e-62
-3.7787787787787788,1.9888070176000648e-67,5.336712033061329e-62
-3.7687687687687688,3.2806299793500085e-67,8.803155525841604e-62
-3.7587587587587588,5.411552235167143e-67,1.4521215822038897e-61
-3.7487487487487487,8.926607931487818e-67,2.395342310279967e-61
-3.7387387387387387,1.472485632581907e-66,3.9512289148056664e-61
-3.7287287287287287,2.428933761627435e-66,6.517736471398779e-61
-3.7187187187187187,4.006639581283155e-66,1.0751310447091951e-60
-3.7087087087087087,6.609138951384541e-66,1.7734788271508823e-60
-3.6986986986986987,1.0902083102947654e-65,2.925436081332012e-60
-3.6886886886886887,1.798349480285647e-65,4.825643325952781e-60
-3.6786786786786787,2.9664613842185394e-65,7.96012384543697e-60
-3.6686686686686687,4.893316477430189e-65,1.3130595726774655e-59
-3.6586586586586587,8.071753866635126e-65,2.165953036507414e-59
-3.6486486486486487,1.3314734655739524e-64,3.572840603712687e-59
-3.6386386386386387,2.196327612088718e-64,5.893567295494945e-59
-3.6286286286286287,3.6229448835046314e-64,9.721714265795665e-59
-3.6186186186186187,5.976216643030661e-64,1.6036421326353484e-58
-3.6086086086086087,9.858048221227382e-64,2.6452825286290005e-58
-3.5985985985985987,1.6261310547597396e-63,4.363516967947481e-58
-3.5885885885885886,2.682379055075055e-63,7.197824853677854e-58
-3.5785785785785786,4.4247094193576103e-63,1.1873147968665373e-57
-3.5685685685685686,7.298764657705958e-63,1.9585311611714292e-57
-3.5585585585585586,1.203965288556965e-62,3.2306885414068383e-57
-3.5485485485485486,1.9859969241776484e-62,5.32917150285968e-57
-3.5385385385385386,3.2759945991220845e-62,8.790717069409754e-57
-3.5285285285285286,5.403905959180317e-62,1.4500698007738146e-56
-3.5185185185185186,8.913995042448924e-62,2.3919578010686566e-56
-3.5085085085085086,1.470405077679343e-61,3.9456460089300586e-56
-3.4984984984984986,2.425501789230531e-61,6.508527207641497e-56
-3.4884884884884886,4.0009783826682466e-61,1.0736119336791884e-55
-3.4784784784784786,6.599800540100407e-61,1.770972982620519e-55
-3.4684684684684686,1.0886678957775642e-60,2.9213025738488128e-55
-3.4584584584584586,1.7958084946590192e-60,4.818824912477139e-55
-3.4484484484484486,2.9622699098573396e-60,7.948876554240857e-55
-3.4384384384384385,4.8864024448843756e-60,1.3112042795113664e-54
-3.4284284284284285,8.060348847320901e-60,2.1628926438562782e-54
-3.4184184184184185,1.3295921544187243e-59,3.5677923432273604e-54
-3.4084084084084085,2.193224301550499e-59,5.885239954257116e-54
-3.3983983983983985,3.617825827961877e-59,9.70797792784465e-54
-3.388388388388388,5.967772522042268e-59,1.6013762595924171e-53
-3.378378378378378,9.844119249628235e-59,2.641544865312112e-53
-3.368368368368368,1.6238334058976184e-58,4.357351517895474e-53
-3.358358358358358,2.678588976061739e-58,7.1876546561183e-53
-3.348348348348348,4.418457507168465e-58,1.1856371753218367e-52
-3.338338338338338,7.28845183681641e-58,1.9557638461504937e-52
-3.328328328328328,1.2022641406284573e-57,3.226123726148422e-52
-3.318318318318318,1.9831908012888657e-57,5.321641627082672e-52
-3.308308308308308,3.271365768474761e-57,8.778296187948562e-52
-3.298298298298298,5.396270487032006e-57,1.4480209184171564e-51
-3.288288288288288,8.901399974845801e-57,2.3885780740142347e-51
-3.278278278278278,1.4683274625058118e-56,3.9400709914453875e-51
-3.268268268268268,2.4220746660539125e-56,6.499330956153178e-51
-3.258258258258258,3.9953251830682504e-56,1.0720949690836664e-50
-3.248248248248248,6.590475323564722e-56,1.7684706787339971e-50
-3.238238238238238,1.0871296577957057e-55,2.917174906822843e-50
-3.228228228228228,1.7932710993290545e-55,4.812016133108237e-50
-3.218218218218218,2.9580843578578515e-55,7.937645154953374e-50
-3.208208208208208,4.879498181550629e-55,1.3093516077897515e-49
-3.198198198198198,8.048959942777958e-55,2.1598365754001433e-49
-3.188188188188188,1.3277135014702538e-54,3.562751215703467e-49
-3.178178178178178,2.1901253758482416e-54,5.8769243791720286e-49
-3.168168168168168,3.612714005410703e-54,9.694260998711616e-49
-3.158158158158158,5.959340332210745e-54,1.5991135881244977e-48
-3.148148148148148,9.830209959029368e-54,2.6378124831426114e-48
-3.138138138138138,1.6215390035083308e-53,4.351194779342512e-48
-3.128128128128128,2.6748042522567374e-53,7.177498828582944e-48
-3.118118118118118,4.41221442864539e-53,1.1839619241796807e-47
-3.108108108108108,7.278153587471458e-53,1.9530004412191651e-47
-3.098098098098098,1.200565396344226e-52,3.2215653607652706e-47
-3.088088088088088,1.980388643323394e-52,5.314122390675893e-47
-3.078078078078078,3.2667434781534996e-52,8.765892856625e-47
-3.068068068068068,5.388645803456881e-52,1.4459749310375989e-46
-3.058058058058058,8.888822703497575e-52,2.3852031223596217e-46
-3.048048048048048,1.466252782907506e-51,3.934503851205544e-46
-3.038038038038038,2.4186523852456453e-51,6.4901476985477566e-46
-3.028028028028028,3.9896799711809235e-51,1.0705801478897645e-45
-3.018018018018018,6.581163283133629e-51,1.7659719104884628e-45
-3.008008008008008,1.085593593273768e-50,2.913053072001665e-45
-2.997997997997998,1.7907372892226745e-50,4.8052169742332863e-45
-2.987987987987988,2.953904719852048e-50,7.9264296251196e-45
-2.977977977977978,4.872603673625294e-50,1.3075015538085757e-44
-2.967967967967968,8.037587130236289e-50,2.1567848250290205e-44
-2.957957957957958,1.3258375029725023e-49,3.557717211062293e-44
-2.947947947947948,2.1870308287863727e-49,5.868620553614354e-44
-2.937937937937938,3.607609405631067e-49,9.680563450972336e-44
-2.9279279279279278,5.950920056677998e-49,1.5968541137079557e-43
-2.9179179179179178,9.81632032162243e-49,2.6340853746585358e-43
-2.9079079079079078,1.6192478430047598e-48,4.345046739979754e-43
-2.8978978978978978,2.671024876093502e-48,7.167357350767743e-43
-2.8878878878878878,4.4059801713068805e-48,1.1822890400908263e-42
-2.8778778778778777,7.267869889082173e-48,1.9502409408527105e-42
-2.8678678678678677,1.1988690523080315e-47,3.2170134361440766e-42
-2.8578578578578577,1.9775904446790612e-47,5.306613778606506e-42
-2.8478478478478477,3.262127718917165e-47,8.753507050641753e-42
-2.8378378378378377,5.381031893211181e-47,1.443931834544702e-41
-2.8278278278278277,8.87626320325895e-47,2.3818329393574586e-41
-2.8178178178178177,1.4641810347366544e-46,3.928944577080423e-41
-2.8078078078078077,2.4152349399637192e-46,6.480977416465637e-41
-2.7977977977977977,3.984042735719993e-46,1.069067467068977e-40
-2.7877877877877877,6.5718644001901745e-46,1.7634766728882627e-40
-2.7777777777777777,1.0840596991407978e-45,2.9089370611447143e-40
-2.7677677677677677,1.7882070592741485e-45,4.798427422259086e-40
-2.7577577577577577,2.949730987483727e-45,7.915229942316894e-40
-2.7477477477477477,4.86571890732463e-45,1.3056541138691245e-39
-2.7377377377377377,8.026230386958975e-45,2.1537373866416938e-39
-2.7277277277277276,1.3239641551748718e-44,3.552690319239604e-39
-2.7177177177177176,2.1839406541780737e-44,5.86032846098268e-39
-2.7077077077077076,3.6025120184176786e-44,9.666885257241982e-39
-2.6976976976976976,5.942511678609749e-44,1.594597831825498e-38
-2.6876876876876876,9.802450309638216e-44,2.6303635324084104e-38
-2.6776776776776776,1.6169599198062683e-43,4.338907387515624e-38
-2.6676676676676676,2.6672508400160955e-43,7.157230202397189e-38
-2.6576576576576576,4.399754722689069e-43,1.1806185197107318e-37
-2.6476476476476476,7.25760072108862e-43,1.9474853395341556e-37
-2.6376376376376376,1.197175105128433e-42,3.212467943184331e-37
-2.6276276276276276,1.9747961997615567e-42,5.299115775862799e-37
-2.6176176176176176,3.2575184815376806e-42,8.741138745236258e-37
-2.6076076076076076,5.373428741072606e-42,1.4418916248537719e-36
-2.5975975975975976,8.863721449020163e-42,2.378467518269844e-36
-2.5875875875875876,1.462112213851305e-41,3.923393157955563e-36
-2.5775775775775776,2.4118223233757907e-41,6.471820091572975e-36
-2.5675675675675675,3.978413465415076e-41,1.0675569235970543e-35
-2.5575575575575575,6.562578656143338e-41,1.760984960944745e-35
-2.5475475475475475,1.08252797233015e-40,2.9048268660229847e-35
-2.5375375375375375,1.7856804044249014e-40,4.7916474636115035e-35
-2.5275275275275275,2.9455631524084507e-40,7.904046084154116e-35
-2.5175175175175175,4.858843868884098e-40,1.3038092842778709e-34
-2.5075075075075075,8.014889690240997e-40,2.1506942541455302e-34
-2.4974974974974975,1.3220934543320625e-39,3.547670530185308e-34
-2.4874874874874875,2.1808548458452363e-39,5.8520480846989125e-34
-2.4774774774774775,3.597421833579459e-39,9.653226390174204e-34
-2.4674674674674675,5.934115181195513e-39,1.5923447379662192e-33
-2.4574574574574575,9.788599895347042e-39,2.626646948951277e-33
-2.4474474474474475,1.6146752293386696e-38,4.3327767096759314e-33
-2.4374374374374375,2.663482136479184e-38,7.147117363224423e-33
-2.4274274274274275,4.393538070345699e-38,1.1789503596995879e-32
-2.4174174174174174,7.247346062960115e-38,1.9447336317543214e-32
-2.4074074074074074,1.1954835514187645e-37,3.2079288727983944e-32
-2.3973973973973974,1.9720059029844164e-37,5.29162836745429e-32
-2.3873873873873874,3.252915756800006e-37,8.728787915681051e-32
-2.3773773773773774,5.365836331840521e-37,1.4398542978858904e-31
-2.3673673673673674,8.8511974157068e-37,2.3751068523684127e-31
-2.3573573573573574,1.4600463161153161e-36,3.917849582732207e-31
-2.3473473473473474,2.40841452865917e-36,6.462675705561878e-31
-2.3373373373373374,3.97279214901183e-36,1.0660485144540222e-30
-2.3273273273273274,6.553306032428364e-36,1.7584967696763284e-30
-2.3173173173173174,1.080998409779482e-35,2.9007224784191217e-30
-2.3073073073073074,1.7831573196235077e-35,4.784877084735658e-30
-2.2972972972972974,2.9414012062936554e-35,7.892878028271816e-30
-2.2872872872872874,4.851978544558607e-35,1.3019670613465183e-29
-2.2772772772772774,8.003565017409179e-35,2.147655421456515e-29
-2.2672672672672673,1.3202253967040672e-34,3.542657833863543e-29
-2.2572572572572573,2.177773397618544e-34,5.843779408208419e-29
-2.2472472472472473,3.592338840939732e-34,9.639586822461408e-29
-2.2372372372372373,5.925730547648382e-34,1.5900948276256008e-28
-2.2272272272272273,9.774769051058402e-34,2.6229356168567273e-28
-2.2172172172172173,1.6123937670342857e-33,4.326654694203858e-28
-2.2072072072072073,2.659718757948093e-33,7.137018813031298e-28
-2.1971971971971973,4.3873302018479735e-33,1.1772845567223044e-27
-2.1871871871871873,7.237105894194984e-33,1.941985812011833e-27
-2.1771771771771773,1.1937943877971797e-32,3.2033962159114868e-27
-2.1671671671671673,1.969219548769071e-32,5.284151538411701e-27
-2.1571571571571573,3.2483195355020297e-32,8.71645453728359e-27
-2.1471471471471473,5.358254650335764e-32,1.4378198495679134e-26
-2.1371371371371373,8.838691078280129e-32,2.371750934934332e-26
-2.1271271271271273,1.4579833373983911e-31,3.912313840327311e-26
-2.1171171171171173,2.4050115490007052e-31,6.453544240150337e-26
-2.1071071071071072,3.967178775271808e-31,1.0645422366241758e-25
-2.0970970970970972,6.5440465105069185e-31,1.7560120941084681e-25
-2.0870870870870872,1.0794710084307779e-30,2.8966238901273634e-25
-2.0770770770770772,1.7806377998256014e-30,4.778116272095733e-25
-2.067067067067067,2.9372451408185502e-30,7.8817257523420205e-25
-2.057057057057057,4.845122920622626e-30,1.3001274413919599e-24
-2.047047047047047,7.992256345822397e-30,2.144620882499128e-24
-2.037037037037037,1.3183599785561064e-29,3.537652220252333e-24
-2.027027027027027,2.1746963033373978e-29,5.835522414979016e-24
-2.017017017017017,3.587263030336298e-29,9.625966526831395e-24
-2.007007007007007,5.91735776120517e-29,1.5878480963044383e-23
-1.9969969969969972,9.760957749120497e-29,2.619229528701409e-23
-1.9869869869869872,1.610115528331892e-28,4.3205413288486877e-23
-1.9769769769769772,2.6559606968988708e-28,7.126934531591659e-23
-1.9669669669669672,4.381131104784627e-28,1.1756211074367593e-22
-1.9569569569569571,7.226880194320215e-28,1.9392418747755707e-22
-1.9469469469469471,1.1921076108866016e-27,3.1988699633429995e-22
-1.9369369369369371,1.9664371315448887e-27,5.276685273415144e-22
-1.9269269269269271,3.243729808454619e-27,8.7041385842323e-22
-1.9169169169169171,5.350683681400396e-27,1.4357882754776253e-21
-1.9069069069069071,8.826202411736734e-27,2.3683997581774656e-21
-1.8968968968968971,1.4559232735761098e-26,3.906785916412449e-21
-1.886886886886887,2.40161337759699e-26,6.444425667334982e-21
-1.876876876876877,3.96157333297228e-26,1.0630380842099859e-20
-1.866866866866867,6.534800071866809e-26,1.7535309208081313e-20
-1.856856856856857,1.0779457652303735e-25,2.8925310683547035e-20
-1.846846846846847,1.7781218399940339e-25,4.771364941363914e-20
-1.836836836836837,2.9330949476739985e-25,7.870589032129411e-20
-1.826826826826827,4.838276983370015e-25,1.298290363683487e-19
-1.816816816816817,7.980963652871786e-25,2.1415904715158077e-19
-1.806806806806807,1.3164971961587534e-24,3.532653236515581e-19
-1.796796796796797,2.1716235568498243e-24,5.827275871889382e-19
-1.7867867867867866,3.582194391621397e-24,9.612362164447203e-19
-1.7767767767767766,5.908996805126714e-24,1.5856036464062345e-18
-1.7667667667667666,9.747165961921368e-24,2.615526290626499e-18
-1.7567567567567566,1.6078405086766866e-23,4.3144302831317214e-18
-1.7467467467467466,2.652207945818252e-23,7.116847924002903e-18
-1.7367367367367366,4.374940766762303e-23,1.1739557001727468e-17
-1.7267267267267266,7.216668942892286e-23,1.9364907177468995e-17
-1.7167167167167166,1.190423217314742e-22,3.19432178425655e-17
-1.7067067067067065,1.9636586457491502e-22,5.269157928617697e-17
-1.6966966966966965,3.239146566481903e-22,8.691660511964304e-17
-1.6866866866866865,5.343123409898311e-22,1.4337149848715004e-16
-1.6766766766766765,8.813731391108652e-22,2.3649435721407044e-16
-1.6666666666666665,1.453866120529911e-21,3.900998103059739e-16
-1.6566566566566565,2.3982200076542313e-21,6.434672804604177e-16
-1.6466466466466465,3.9559758109066796e-21,1.0613809923144383e-15
-1.6366366366366365,6.5255666980221e-21,1.7506850065249168e-15
-1.6266266266266265,1.076422677128942e-20,2.8875772411626646e-15
-1.6166166166166165,1.7756094350987734e-20,4.7626008254439295e-15
-1.6066066066066065,2.928950618562748e-20,7.854791039929046e-15
-1.5965965965965965,4.831440719113936e-20,1.295383668150026e-14
-1.5865865865865865,7.969686915980383e-20,2.1361276113097275e-14
-1.5765765765765765,1.3146370457878127e-19,3.5221714108460234e-14
-1.5665665665665665,2.1685551520126513e-19,5.806778691132495e-14
-1.5565565565565564,3.5771329146612495e-19,9.57162219897183e-14
-1.5465465465465464,5.900647662696953e-19,1.5774001039959607e-13
-1.5365365365365364,9.733393661886955e-19,2.598847981084862e-13
-1.5265265265265264,1.6055687035202455e-18,4.280306487269404e-13
-1.5165165165165164,2.6484604972033258e-18,7.046789867956966e-13
-1.5065065065065064,4.368759175404567e-18,1.1595581300856905e-12
-1.4964964964964964,7.206472119495739e-18,1.906932159460163e-12
-1.4864864864864864,1.188741203713985e-17,3.1337941865632673e-12
-1.4764764764764764,1.9608840858268014e-17,5.14568617177171e-12
-1.4664664664664664,3.234569800420536e-17,8.44098003496156e-12
-1.4564564564564564,5.335573820714184e-17,1.3830966418153111e-11
-1.4464464464464464,8.801277991462511e-17,2.2633409600679494e-11
-1.4364364364364364,1.451811874146908e-16,3.6983476241190895e-11
-1.4264264264264264,2.3948314323880485e-16,6.033141337456073e-11
-1.4164164164164164,3.950386197883824e-16,9.823604134837982e-11
-1.4064064064064064,6.51634637051246e-16,1.5962461262752174e-10
-1.3963963963963963,1.0749017410813586e-15,2.5878423609755287e-10
-1.3863863863863863,1.7731005801167558e-15,4.1849480419584165e-10
-1.3763763763763763,2.9248121451990634e-15,6.749331673533368e-10
-1.3663663663663663,4.824614114186712e-15,1.0853097124109186e-09
-1.3563563563563563,7.958426112602661e-15,1.7396944518836216e-09
-1.3463463463463463,1.3127795237243046e-14,2.7792261584066193e-09
-1.3363363363363363,2.1654910826912413e-14,4.4239828191747786e-09
-1.3263263263263263,3.572078589336737e-14,7.015376246983601e-09
-1.3163163163163163,5.89231031722389e-14,1.1080228588707665e-08
-1.3063063063063063,9.719640821483097e-14,1.7426982876163153e-08
-1.2962962962962963,1.6033001083206693e-13,2.728918606642716e-08
-1.2862862862862863,2.6447183435620333e-13,4.253798702064153e-08
-1.2762762762762763,4.36258631835292e-13,6.59946088128204e-08
-1.2662662662662663,7.196289703744656e-13,1.0188649108043622e-07
-1.2562562562562563,1.1870615667215773e-12,1.5650821806770068e-07
-1.2462462462462462,1.958113446230826e-12,2.3917192315693184e-07
-1.2362362362362362,3.2299995011204564e-12,3.635634191088918e-07
-1.2262262262262262,5.3280348987545575e-12,5.496620730982387e-07
-1.2162162162162162,8.788842187900949e-12,8.264370858456776e-07
-1.2062062062062062,1.4497605303201652e-11,1.2356034421790982e-06
-1.1961961961961962,2.391447645023859e-11,1.8368108844455773e-06
-1.1861861861861862,3.9448044827287246e-11,2.714752660548741e-06
-1.1761761761761762,6.507139070904221e-11,3.988821539464494e-06
-1.1661661661661662,1.0733829540469034e-10,5.826112641646669e-06
-1.1561561561561562,1.770595270032174e-10,8.458779577090816e-06
-1.1461461461461462,2.9206795193091135e-10,1.2206994932886684e-05
-1.1361361361361362,4.817797154940275e-10,1.7509049546491433e-05
-1.1261261261261262,7.947181220225493e-10,2.4960446262088594e-05
-1.1161161161161162,1.3109246262545835e-09,3.536419891368033e-05
-1.1061061061061062,2.162431342759739e-09,4.979492793428755e-05
-1.0960960960960962,3.5670314055429e-09,6.967973693319399e-05
-1.0860860860860861,5.8839847520389225e-09,9.689924030044943e-05
-1.0760760760760761,9.705907413214155e-09,0.00013391246375513976
-1.0660660660660661,1.6010347185424238e-08,0.00018390962329718194
-1.0560560560560561,2.640981477412801e-08,0.0002509969606693723
-1.0460460460460461,4.3564221832661564e-08,0.0003404178247250977
-1.0360360360360361,7.186121675281643e-08,0.0004588139806678972
-1.026026026026026,1.1853843029794725e-07,0.000614530640607546
-1.016016016016016,1.9553467214219675e-07,0.0008179678747963233
-1.006006006006006,3.225435659444402e-07,0.001081979820754438
-0.9959959959959956,5.320506628947207e-07,0.001422321401880658
-0.9859859859859856,8.776423955561628e-07,0.0018581400560274527
-0.9759759759759756,1.4477120849485237e-06,0.002412507236213784
-0.9659659659659656,2.3880686387966095e-06,0.0031129811862904326
-0.9559559559559556,3.939230654282111e-06,0.003992188755332402
-0.9459459459459456,6.497944780789648e-06,0.005088409879101976
-0.9359359359359356,1.0718663129891347e-05,0.006446143955564379
-0.9259259259259256,1.7680934998362734e-05,0.008116632854730415
-0.9159159159159156,2.916552732630726e-05,0.010158310961633494
-0.9059059059059056,4.810989827745786e-05,0.012637148731649542
-0.8958958958958956,7.935952216367475e-05,0.015626853053952353
-0.8858858858858856,0.0001309072349670237,0.01920888561059898
-0.8758758758758756,0.00021593759261009682,0.023472259731382072
-0.8658658658658656,0.0003561991353189171,0.0285130773089267
-0.8558558558558556,0.0005875670950497182,0.03443377044500102
-0.8458458458458455,0.0009692193409623645,0.041342017870637966
-0.8358358358358355,0.0015901511948757856,0.049349313947683916
-0.8258258258258255,0.0025511647470930756,0.058569178226089924
-0.8158158158158155,0.003999766143307624,0.06911500596711578
-0.8058058058058055,0.006131988088768934,0.08109757446012493
-0.7957957957957955,0.009198348553634154,0.09462223591209004
-0.7857857857857855,0.013509154842432683,0.10978584457165849
-0.7757757757757755,0.019436622788327734,0.1266734828230969
-0.7657657657657655,0.027412518975769753,0.14535506740013876
-0.7557557557557555,0.037920185308342805,0.16588193170741064
-0.7457457457457455,0.051480152976782344,0.1882834925604093
-0.7357357357357355,0.06862908922636889,0.21256411856421556
-0.7257257257257255,0.08989250417643932,0.23870032204410796
-0.7157157157157155,0.11575240376364876,0.2666383962725932
-0.7057057057057055,0.14661181313975297,0.2962926142724449
-0.6956956956956954,0.1827587079646258,0.32754409453461497
-0.6856856856856854,0.22433228228926455,0.3602404226795542
-0.6756756756756754,0.2712945790285709,0.3941960968165161
-0.6656656656656654,0.323410278079517,0.42919383881829865
-0.6556556556556554,0.3802368884120592,0.46498678489909046
-0.6456456456456454,0.4411267785657554,0.5013015379573127
-0.6356356356356354,0.5052414956755382,0.5378420324863022
-0.6256256256256254,0.5715777795191536,0.5742941319187177
-0.6156156156156154,0.6390036936746646,0.6103308495218974
-0.6056056056056054,0.7063024778036304,0.64561805879384
-0.5955955955955954,0.7722211549338395,0.6798205389602531
-0.5855855855855854,0.8355206523458552,0.7126081866516284
-0.5755755755755754,0.89502422329316,0.7436622168668855
-0.5655655655655654,0.9496612628951674,0.772681175299239
-0.5555555555555554,0.998504140423608,0.7993865900524657
-0.5455455455455454,1.0407963489161107,0.823528103403789
-0.5355355355355353,1.075971021529913,0.8448879429373818
-0.5255255255255253,1.1036596054680048,0.8632846151576707
-0.5155155155155153,1.1236911533833573,0.8785757324427874
-0.5055055055055053,1.136083240602379,0.8906599146047068
-0.4954954954954953,1.141025915418607,0.8994777379896682
-0.4854854854854853,1.13886032925171,0.9050117365810466
-0.4754754754754753,1.1300537803430148,0.9072854896272333
-0.4654654654654653,1.1151728582144103,0.9063618577156013
-0.4554554554554553,1.0948562238679453,0.9023404529481209
-0.4454454454454453,1.0697883339345058,0.8953544481734622
-0.4354354354354353,1.0406751469357978,0.8855668445802247
-0.4254254254254253,1.0082225647829255,0.8731663261052682
-0.41541541541541527,0.9731180859842922,0.858362833066652
-0.40540540540540526,0.9360158963073745,0.841382986434112
-0.39539539539539525,0.8975254093621026,0.8224654886464845
-0.38538538538538525,0.8582030997423638,0.8018566174826596
-0.37537537537537524,0.8185473463057816,0.7798059169149516
-0.36536536536536524,0.7789959206252888,0.7565621739152232
-0.35535535535535523,0.7399257108586019,0.7323697536619852
-0.3453453453453452,0.7016542580441151,0.7074653483095857
-0.3353353353353352,0.6644426933447912,0.6820751771715928
-0.3253253253253252,0.6284996943118213,0.6564126594984481
-0.3153153153153152,0.5939861196755492,0.6306765655478189
-0.3053053053053052,0.561020030196239,0.605049637789795
-0.2952952952952952,0.5296818534205503,0.5796976621699799
-0.2852852852852852,0.5000194995056435,0.5547689595619643
-0.2752752752752752,0.47205328125833435,0.5303942599536797
-0.26526526526526517,0.44578053269413137,0.5066869165058414
-0.25525525525525516,0.42117985594563906,0.48374341328617426
-0.24524524524524516,0.39821495598010936,0.46164411904378433
-0.23523523523523515,0.3768380464608569,0.4404542396182481
-0.22522522522522515,0.3569928286197757,0.4202249232201802
-0.21521521521521514,0.338617058779114,0.4009944756016379
-0.20520520520520513,0.32164472983418396,0.3827896457821911
-0.19519519519519513,0.30600789826892066,0.3656269472472054
-0.18518518518518512,0.29163819178216677,0.34951398414675844
-0.1751751751751751,0.2784680339590011,0.3344507567814263
-0.1651651651651651,0.26643162216208544,0.32043092538098694
-0.1551551551551551,0.2554656933984892,0.30744301571308097
-0.1451451451451451,0.2455101107150446,0.29547155428344013
-0.1351351351351351,0.2365082999932159,0.2844981247214223
-0.12512512512512508,0.2284075640891779,0.27450234032730786
-0.11511511511511507,0.22115929827449804,0.26546273065959236
-0.10510510510510507,0.2147191280065104,0.25735754245135045
-0.09509509509509506,0.20904698728374024,0.25016545707219445
-0.08508508508508505,0.20410715327677562,0.24386622821720197
-0.07507507507507505,0.19986825059969723,0.23844124453701546
-0.06506506506506504,0.1963032365132925,0.23387402256089038
-0.055055055055055035,0.19338937652630275,0.23015063554689688
-0.04504504504504503,0.1911082182722456,0.22726008386198235
-0.03503503503503502,0.1894455701672516,0.22519461218953368
-0.025025025025025016,0.18839149017451515,0.2239499783217717
-0.01501501501501501,0.18794028898607074,0.22352567755433486
-0.005005005005005003,0.1880905510535224,0.2239251257931449
0.005005005005005003,0.18884517612577953,0.2251558034386038
0.01501501501501501,0.1902114432527033,0.22722936095621143
0.025025025025025016,0.19220109855700176,0.23016168580104815
0.03503503503503502,0.19483046743003385,0.2339729290605585
0.04504504504504503,0.19812059113651095,0.23868748884052593
0.055055055055055035,0.2020973870830624,0.24433394606942976
0.06506506506506504,0.20679183117898897,0.25094494706587245
0.07507507507507505,0.21224015975479718,0.2585570259360391
0.08508508508508505,0.2184840873634153,0.26721035868207593
0.09509509509509506,0.22557103542600357,0.2769484398531016
0.10510510510510507,0.23355436505257884,0.28781767171042993
0.11511511511511507,0.2424936054194235,0.29986685526692775
0.12512512512512508,0.25245466677251427,0.3131465722636024
0.1351351351351351,0.26351002440302096,0.3277084472370488
0.1451451451451451,0.27573885676626847,0.3436042793863615
0.1551551551551551,0.2892271172575617,0.36088503504678426
0.1651651651651651,0.3040675149998641,0.3795996932979349
0.1751751751751751,0.3203593753444161,0.39979393964982696
0.18518518518518512,0.33820834567220637,0.42150870592271666
0.19519519519519513,0.3577259065904036,0.44477855841339337
0.20520520520520513,0.3790286428780115,0.46962994124431506
0.21521521521521514,0.40223722275494567,0.4960792874165271
0.22522522522522515,0.42747502852267616,0.524131016488837
0.23523523523523515,0.4548663767531483,0.5537754448964751
0.24524524524524516,0.4845342625105886,0.5849866425642637
0.25525525525525516,0.5165975602426132,0.6177202774689382
0.26526526526526517,0.5511676147880834,0.6519114979116577
0.2752752752752752,0.5883441603885965,0.6874729101658207
0.2852852852852852,0.6282105147718957,0.7242927165035398
0.2952952952952952,0.670828010529886,0.7622330849652484
0.3053053053053052,0.7162296484394902,0.8011288271740914
0.3153153153153152,0.7644129883565118,0.8407864635429345
0.3253253253253252,0.815332334007652,0.8809837559112571
0.3353353353353352,0.8688903192861096,0.921469785541391
0.3453453453453452,0.9249290659112381,0.96196564911226
0.35535535535535523,0.9832211552106398,1.0021658365718156
0.36536536536536524,1.0434607389997639,1.0417403422604887
0.37537537537537524,1.1052552034672154,1.0803375445561652
0.38538538538538525,1.1681178914679435,1.117587869548158
0.39539539539539525,1.231462476747419,1.1531082312477086
0.40540540540540526,1.2945996605308965,1.1865072151165563
0.41541541541541527,1.3567369169096575,1.2173909439818336
0.4254254254254253,1.4169820372361253,1.2453695366430035
0.4354354354354353,1.4743512029565036,1.270064040778045
0.4454454454454453,1.5277822384864173,1.2911136943739994
0.4554554554554553,1.5761535495515704,1.3081833451818539
0.4654654654654653,1.6183090293568783,1.3209708369937294
0.4754754754754753,1.6530889112394167,1.3292141561821391
0.4854854854854853,1.6793661651335583,1.3326981231229904
0.4954954954954953,1.6960875880237571,1.3312604118398534
0.5055055055055053,1.7023182476620005,1.3247966881718516
0.5155155155155153,1.6972874372618407,1.313264672351662
0.5255255255255253,1.680433830218594,1.2966869560568424
0.5355355355355353,1.651447140117856,1.275152436310675
0.5455455455455454,1.6103033488565874,1.248816268162628
0.5555555555555554,1.5572905198623195,1.2178982835553775
0.5655655655655654,1.49302241091904,1.1826798734880444
0.5755755755755754,1.4184375721279732,1.14349938250746
0.5855855855855854,1.3347823645627128,1.1007461164779153
0.5955955955955954,1.2435773385978752,1.0548531141676294
0.6056056056056054,1.1465676073622941,1.0062888781397994
0.6156156156156154,1.0456591459759712,0.9555482985897392
0.6256256256256254,0.9428442188843287,0.9031430332454837
0.6356356356356354,0.8401202469614137,0.8495916257557414
0.6456456456456454,0.7394072342417256,0.7954096531201247
0.6556556556556554,0.6424692614834663,0.7411001892183471
0.6656656656656654,0.5508454393699969,0.6871448565028044
0.6756756756756754,0.46579507237008805,0.6339957121555404
0.6856856856856854,0.3882606546177626,0.5820681797511581
0.6956956956956954,0.31885080697567797,0.5317351944672828
0.7057057057057055,0.25784353089178225,0.48332268127852807
0.7157157157157155,0.20520839672663407,0.4371064337471368
0.7257257257257255,0.1606876570260846,0.39331040848556603
0.7357357357357355,0.1251123598045542,0.3521063995819798
0.7457457457457455,0.09741322305373616,0.31361501054271873
0.7557557557557555,0.07584651141214853,0.2779078006069287
0.7657657657657655,0.05905454221774196,0.2450104492102551
0.7757757757757755,0.04598021572272967,0.2149067580156552
0.7857857857857855,0.03580046781352556,0.18754329486381244
0.7957957957957955,0.027874455905036177,0.16283447826655273
0.8058058058058055,0.02170321617161267,0.14066790421623593
0.8158158158158155,0.01689825242854863,0.12090972821375434
0.8258258258258255,0.013157079249500547,0.1034099332741914
0.8358358358358355,0.010244179693113151,0.08800733774734514
0.8458458458458455,0.007976178876385166,0.07453422344565819
0.8558558558558556,0.006210300031232596,0.06282049313268773
0.8658658658658656,0.004835376321876907,0.05269729529557438
0.8758758758758756,0.003764852592722046,0.04400008187487569
0.8858858858858856,0.002931336487875274,0.0365710900581118
0.8958958958958956,0.0022823559205903117,0.030261261441884985
0.9059059059059056,0.0017770558138923878,0.024931630213756932
0.9159159159159156,0.0013836261632988278,0.02045422617938039
0.9259259259259256,0.0010772995112470704,0.016712548418783123
0.9359359359359356,0.0008387917688446621,0.013601671292473808
0.9459459459459456,0.0006530882304653697,0.011028046817199306
0.9559559559559556,0.000508498357536192,0.008909066612428374
0.9659659659659656,0.0003959198276054613,0.007172443282704661
0.9759759759759756,0.00030826551859605846,0.005755465878569687
0.9859859859859856,0.00024001735535708764,0.004604177586174894
0.9959959959959956,0.00018687893195118798,0.0036725165997829375
1.0060060060060056,0.00014550504131361123,0.0029214537240987632
1.0160160160160157,0.00011329108544565997,0.002318153036754312
1.0260260260260257,8.820910894621486e-05,0.001835175221276292
1.0360360360360357,6.868013374995233e-05,0.0014497371692814528
1.0460460460460457,5.347475819971699e-05,0.0011430362728989012
1.0560560560560557,4.1635762896576895e-05,0.0008996435355586998
1.0660660660660657,3.241785115709311e-05,0.0007069662122470377
1.0760760760760757,2.5240730577074273e-05,0.0005547780949244734
1.0860860860860857,1.9652582059716636e-05,0.00043481370013324986
1.0960960960960957,1.530161658492947e-05,0.0003404213911574432
1.1061061061061057,1.1913929141765133e-05,0.0002662697667002827
1.1161161161161157,9.276255669273439e-06,0.00020810136358871703
1.1261261261261257,7.222547508703653e-06,0.00016252775170779918
1.1361361361361357,5.62351819261221e-06,0.000126860355851059
1.1461461461461457,4.378504513058796e-06,9.897174560148891e-05
1.1561561561561557,3.409129501183471e-06,7.718262897932046e-05
1.1661661661661658,2.6543683856386602e-06,6.01703202385476e-05
1.1761761761761758,2.06670691865243e-06,4.6894991031088514e-05
1.1861861861861858,1.6091502259879883e-06,3.654053201710012e-05
1.1961961961961958,1.2528938798373772e-06,2.8467332533118538e-05
1.2062062062062058,9.75510582407036e-07,2.2174719773597256e-05
1.2162162162162158,7.595383070365329e-07,1.7271182025252823e-05
1.2262262262262258,5.913810165261837e-07,1.3450832557606632e-05
1.2362362362362358,4.6045275592758315e-07,1.0474854134690078e-05
1.2462462462462458,3.585112381298754e-07,8.156902683619809e-06
1.2562562562562558,2.7913896965714025e-07,6.351647191893522e-06
1.2662662662662658,2.1733925214646364e-07,4.945786463141306e-06
1.2762762762762758,1.6922162671017733e-07,3.851016923064624e-06
1.2862862862862858,1.317569590565309e-07,2.9985339033676424e-06
1.2962962962962958,1.0258674731661983e-07,2.334735963836789e-06
1.3063063063063058,7.987464799099241e-08,1.8178715552556367e-06
1.3163163163163158,6.219087317384267e-08,1.4154228750480883e-06
1.3263263263263259,4.8422181548282385e-08,1.1020658264581831e-06
1.3363363363363359,3.770179684309365e-08,8.5807981341265e-07
1.3463463463463459,2.93548419288087e-08,6.681085417602893e-07
1.3563563563563559,2.2855853482304133e-08,5.201945650648345e-07
1.3663663663663659,1.7795702653465253e-08,4.0502723121375833e-07
1.3763763763763759,1.3855839300673734e-08,3.153569350474114e-07
1.386386386386386,1.0788238400280916e-08,2.455389438887737e-07
1.396396396396396,8.399786202459528e-09,1.9117815784282513e-07
1.406406406406406,6.54012319983513e-09,1.488524855929577e-07
1.4164164164164168,5.092178590985619e-09,1.1589744564171484e-07
1.4264264264264268,3.9648003577587816e-09,9.023844621048159e-08
1.4364364364364368,3.0870169998970018e-09,7.026019243650017e-08
1.4464464464464468,2.4035696876904053e-09,5.470500346100521e-08
1.4564564564564568,1.871433569616529e-09,4.259364017623313e-08
1.4664664664664668,1.4571092419013634e-09,3.316366055677283e-08
1.4764764764764768,1.1345138707057709e-09,2.582142240930238e-08
1.4864864864864868,8.833392073913703e-10,2.0104712255850134e-08
1.4964964964964969,6.877731294985437e-10,1.5653647875041927e-08
1.5065065065065069,5.355042249931968e-10,1.218802280628924e-08
1.5165165165165169,4.16946755676025e-10,9.489666626195413e-09
1.5265265265265269,3.2463720911066846e-10,7.3887105455592755e-09
1.5365365365365369,2.527644503871694e-10,5.752893717278746e-09
1.5465465465465469,1.9680389550708543e-10,4.479237062235256e-09
1.556556556556557,1.53232676618238e-10,3.487560459862339e-09
1.566566566566567,1.1930786798244121e-10,2.715435193914753e-09
1.576576576576577,9.289381140276595e-11,2.1142538966824844e-09
1.586586586586587,7.232767078029283e-11,1.646170584220912e-09
1.596596596596597,5.631475209710967e-11,1.2817181496451015e-09
1.606606606606607,4.384699893616675e-11,9.97953329302874e-10
1.616616616616617,3.413953261115187e-11,7.770123624609274e-10
1.626626626626627,2.658124193641322e-11,6.049864193932413e-10
1.636636636636637,2.0696312129690095e-11,4.710460030402291e-10
1.646646646646647,1.6114270988323716e-11,3.6675920296302076e-10
1.656656656656657,1.2546666664957168e-11,2.855608838412421e-10
1.666666666666667,9.768908845805807e-12,2.2233939249891907e-10
1.676676676676677,7.606130184697048e-12,1.7311476555125848e-10
1.686686686686687,5.922177932021373e-12,1.3478817997585544e-10
1.696696696696697,4.611042751948096e-12,1.0494687384609064e-10
1.706706706706707,3.590185148833575e-12,8.171225646076752e-11
1.716716716716717,2.795339383366066e-12,6.362164599302133e-11
1.726726726726727,2.1764677709549586e-12,4.953618972454575e-11
1.736736736736737,1.694610674536935e-12,3.856917019555504e-11
1.746746746746747,1.3194338903509337e-12,3.0030183949262824e-11
1.756756756756757,1.027319028001706e-12,2.338167877229811e-11
1.766766766766767,7.998766690869721e-13,1.82051133331255e-11
1.776776776776777,6.22788703713767e-13,1.4174608876442477e-11
1.786786786786787,4.849069668655391e-13,1.1036434276656483e-11
1.796796796796797,3.7755143134838356e-13,8.593032979230105e-12
1.806806806806807,2.9396377666963857e-13,6.690586282774141e-12
1.816816816816817,2.2888193453606175e-13,5.209330036954674e-12
1.826826826826827,1.782088274632673e-13,4.05601516623237e-12
1.836836836836837,1.3875444669849577e-13,3.1580373890697617e-12
1.846846846846847,1.0803503256635319e-13,2.4588665825987643e-12
1.856856856856857,8.411671509868466e-14,1.914488058927594e-12
1.866866866866867,6.549377170454003e-14,1.4906317218328039e-12
1.876876876876877,5.099383787222432e-14,1.1606146717775213e-12
1.886886886886887,3.9704103661485135e-14,9.036614454232913e-13
1.8968968968968971,3.0913849855976616e-14,7.035961441826829e-13
1.9069069069069071,2.4069706271820646e-14,5.47824117777702e-13
1.9169169169169171,1.8740815612123296e-14,4.265390970377411e-13
1.9269269269269271,1.459170983813746e-14,3.3210586280832205e-13
1.9369369369369371,1.1361191551485184e-14,2.585795883135674e-13
1.9469469469469471,8.845890913495237e-15,2.0133159627779574e-13
1.9569569569569571,6.887462965381294e-15,1.567579712077318e-13
1.9669669669669672,5.362619386039388e-15,1.2205268319264867e-13
1.9769769769769772,4.175367159732264e-15,9.503094075378217e-14
1.9869869869869872,3.250965556861311e-15,7.399165232848243e-14
1.9969969969969972,2.531221003466483e-15,5.761033796859606e-14
2.007007007007007,1.970823638800934e-15,4.485574975568231e-14
2.017017017017017,1.5344949373986808e-15,3.49249519633295e-14
2.027027027027027,1.1947668307524473e-15,2.719277408770445e-14
2.037037037037037,9.302525183211882e-16,2.117245467828661e-14
2.047047047047047,7.243001107571101e-16,1.6484998391789405e-14
2.057057057057057,5.639443485619523e-16,1.2835317213171186e-14
2.067067067067067,4.390904040350446e-16,9.99365386925259e-15
2.0770770770770772,3.4187838464432667e-16,7.781117988727265e-15
2.0870870870870872,2.6618853159379575e-16,6.0584244708310345e-15
2.0970970970970972,2.0725596450262892e-16,4.71712511260454e-15
2.1071071071071072,1.6137071933461342e-16,3.672781502038294e-15
2.1171171171171173,1.2564419615648783e-16,2.8596493923110307e-15
2.1271271271271273,9.782731398176255e-17,2.226539924143733e-15
2.1371371371371373,7.616892505696623e-17,1.7335971490545515e-15
2.1471471471471473,5.930557538782431e-17,1.3497889899126072e-15
2.1571571571571573,4.617567163315531e-17,1.0509536879908474e-15
2.1671671671671673,3.595265094098973e-17,8.182787550912476e-16
2.1771771771771773,2.799294658784184e-17,6.37116676676542e-16
2.1871871871871873,2.1795473717805366e-17,4.960628113265585e-16
2.1971971971971973,1.6970084699474476e-17,3.862374378031552e-16
2.2072072072072073,1.3213008280342045e-17,3.007267526501623e-16
2.2172172172172173,1.0287726367199137e-17,2.341476276196788e-16
2.2272272272272273,8.010084574292365e-18,1.8230872723086975e-16
2.2372372372372373,6.236699208085973e-18,1.4194665289765394e-16
2.2472472472472473,4.855930877056526e-18,1.1052050318650526e-16
2.2572572572572573,3.780856490910913e-18,8.605191721854403e-17
2.2672672672672673,2.94379721762602e-18,6.700053151668343e-17
2.2772772772772774,2.2920579184466144e-18,5.21670099704728e-17
2.2872872872872874,1.784609846785062e-18,4.061754239340279e-17
2.2972972972972974,1.389507777971257e-18,3.162505865323074e-17
2.3073073073073074,1.0818789712052791e-18,2.4623457646288526e-17
2.3173173173173174,8.423573634435581e-19,1.9171969706264115e-17
2.3273273273273274,6.558644235011684e-19,1.49274089649758e-17
2.3373373373373374,5.10659917847729e-19,1.1622568876417237e-17
2.3473473473473474,3.976028312439585e-19,9.049400844045395e-18
2.3573573573573574,3.0957591517952275e-19,7.04591700053261e-18
2.3673673673673674,2.410376378845164e-19,5.485992634646248e-18
2.3773773773773774,1.8767332995932582e-19,4.271426300525229e-18
2.3873873873873874,1.461235642995187e-19,3.3257577718193818e-18
2.3973973973973974,1.1377267109942065e-19,2.5894546642317037e-18
2.4074074074074074,8.858407438354331e-20,2.0161647113713727e-18
2.4174174174174174,6.897208405638845e-20,1.5697977645749914e-18
2.4274274274274275,5.3702072434425144e-20,1.222253820715111e-18
2.4374374374374375,4.1812751103685194e-20,9.516540512192327e-19
2.4474474474474475,3.255565522156659e-20,7.40963470805194e-19
2.4574574574574575,2.5348025636421135e-20,5.769185392152557e-19
2.4674674674674675,1.97361226272917e-20,4.491921855858534e-19
2.4774774774774775,1.5366661764765672e-20,3.4974369148520503e-19
2.4874874874874875,1.1964573703356472e-20,2.723125060026657e-19
2.4974974974974975,9.315687824357544e-21,2.1202412718454666e-19
2.5075075075075075,7.253249617789449e-21,1.650832389898711e-19
2.5175175175175175,5.6474230362684605e-21,1.2853478590984239e-19
2.5275275275275275,4.397116965663723e-21,1.0007794425394511e-19
2.5375375375375375,3.4236212668252645e-21,7.792127909343501e-20
2.5475475475475475,2.665651760047975e-21,6.066996860117494e-20
2.5575575575575575,2.0754922206789406e-21,4.7237996255860653e-20
2.5675675675675675,1.6159905140877453e-21,3.6779783173078665e-20
2.5775775775775776,1.258219768594122e-21,2.8636956634053924e-20
2.5875875875875876,9.796573508816384e-22,2.2296903747408313e-20
2.5975975975975976,7.6276700548806335e-22,1.736050108516062e-20
2.6076076076076076,5.938949002297905e-22,1.351698878652134e-20
2.6176176176176176,4.624100806422072e-22,1.0524407386554006e-20
2.6276276276276276,3.600352227251007e-22,8.194365815306558e-21
2.6376376376376376,2.803255530733345e-22,6.380181671877568e-21
2.6476476476476476,2.182631330098273e-22,4.967647171685313e-21
2.6576576576576576,1.6994096581271234e-22,3.867839458416387e-21
2.6676676676676676,1.3231704073476006e-22,3.0115226704008055e-21
2.6776776776776776,1.0302283022269587e-22,2.3447893563946508e-21
2.6876876876876876,8.021418471994473e-23,1.8256668561388952e-21
2.6976976976976976,6.245523847846972e-23,1.4214750081981724e-21
2.7077077077077076,4.86280179374893e-23,1.106768845661877e-21
2.7177177177177176,3.7862062272709837e-23,8.617367668534856e-22
2.7277277277277276,2.947962553985565e-23,6.70953341574238e-22
2.7377377377377377,2.2953010739631438e-23,5.224082386706107e-22
2.7477477477477477,1.78713498684495e-23,4.067501432970112e-22
2.7577577577577577,1.391473866951435e-23,3.166980664262762e-22
2.7677677677677677,1.0834097797094809e-23,2.4658298695399386e-22
2.7777777777777777,8.43549259995628e-24,1.9199097153094828e-22
2.7877877877877877,6.567924412035373e-24,1.4948530555465551e-22
2.7977977977977977,5.113824779175726e-24,1.1639014271651112e-22
2.8078078078078077,3.981654207863774e-24,9.062205326005659e-23
2.8178178178178177,3.100139507234847e-24,7.055886645891654e-23
2.8278278278278277,2.4137869494887108e-24,5.493755059466972e-23
2.8378378378378377,1.8793887900608618e-24,4.2774701703849355e-23
2.8478478478478477,1.4633032235734913e-24,3.3304635646257126e-23
2.8578578578578577,1.1393365414567649e-24,2.5931186223330754e-23
2.8678678678678677,8.87094167351486e-25,2.0190174908117588e-23
2.8778778778778777,6.906967635241803e-25,1.572018955513948e-23
2.8878878878878878,5.377805837311503e-25,1.2239832531126736e-23
2.8978978978978978,4.187191420480573e-25,9.530005975090109e-24
2.9079079079079078,3.2601719961892876e-25,7.420118997076876e-24
2.9179179179179178,2.5383891915590728e-25,5.777348521574315e-24
2.9279279279279278,1.976404832430767e-25,4.49827771668971e-24
2.937937937937938,1.5388404877569216e-25,3.5023856256733735e-24
2.947947947947948,1.1981503019538525e-25,2.7269781555307238e-24
2.957957957957958,9.328869090029184e-26,2.123241314785836e-24
2.967967967967968,7.263512629173839e-26,1.653168241069431e-24
2.977977977977978,5.655413877611013e-26,1.2871665666303517e-24
2.987987987987988,4.403338681977804e-26,1.0021954989766724e-24
2.997997997997998,3.4284655319324646e-26,7.803153408486126e-25
3.0080080080080087,2.669423533501446e-26,6.075581378936583e-25
3.0180180180180187,2.0784289457899136e-26,4.730483582693417e-25
3.0280280280280287,1.618277065622139e-26,3.6831824858296446e-25
3.0380380380380387,1.2600000911377279e-26,2.867747659785388e-25
3.0480480480480487,9.810435205400062e-27,2.232845283079178e-25
3.0580580580580587,7.63846285379609e-27,1.7385065388012676e-25
3.0680680680680688,5.9473523393444444e-27,1.3536114697955045e-25
3.0780780780780788,4.630643694330102e-27,1.053929893427566e-25
3.0880880880880888,3.605446558460139e-27,8.205960462406906e-26
3.0980980980980988,2.8072220071323196e-27,6.38920933266168e-26
3.108108108108109,2.18571965207377e-27,4.9746761617466384e-26
3.118118118118119,1.7018142438765316e-27,3.873312271636093e-26
3.128128128128129,1.325042632028878e-27,3.015783835130935e-26
3.138138138138139,1.0316860274330766e-27,2.3481071244470898e-26
3.148148148148149,8.032768406635338e-28,1.8282500899603775e-26
3.158158158158159,6.254360974063304e-28,1.423486329324599e-26
3.168168168168169,4.869682432469279e-28,1.1083348721825775e-26
3.178178178178179,3.7915635332594947e-28,8.629560843614229e-27
3.188188188188189,2.952133784102566e-28,6.719027093949683e-27
3.198198198198199,2.2985488183940748e-28,5.2314742206883985e-27
3.208208208208209,1.7896636998607228e-28,4.073256758611939e-27
3.218218218218219,1.3934427378561797e-28,3.1714617948350752e-27
3.228228228228229,1.084942754236598e-28,2.469318904297621e-27
3.238238238238239,8.447428430259519e-29,1.9226262984002597e-27
3.248248248248249,6.577217720078459e-29,1.496968203202462e-27
3.258258258258259,5.121060603763463e-29,1.165548293635526e-27
3.268268268268269,3.987288063668621e-29,9.075027925713076e-28
3.278278278278279,3.1045260606739335e-29,7.065870397835732e-28
3.288288288288289,2.4172023459312536e-29,5.501528467758207e-28
3.298298298298299,1.8820480379241083e-29,4.283522592039718e-28
3.308308308308309,1.4653737296822585e-29,3.3351760159102513e-28
3.318318318318319,1.1409486497546465e-29,2.5967877647649523e-28
3.328328328328329,8.883493644035764e-30,2.021874306802526e-28
3.338338338338339,6.916740673701256e-30,1.5742432893348977e-28
3.348348348348349,5.385415182837802e-30,1.2257151325767373e-28
3.358358358358359,4.193116101896606e-30,9.543490490992336e-29
3.368368368368369,3.2647849881686414e-30,7.430618120883742e-29
3.378378378378379,2.5419808943879073e-30,5.785523201444992e-29
3.388388388388389,1.9792013534887554e-30,4.5046425707687043e-29
3.398398398398399,1.5410178755867345e-30,3.507341338690615e-29
3.408408408408409,1.1998456289916389e-30,2.730836702985932e-29
3.418418418418419,9.342069006579376e-31,2.1262456026476037e-29
3.428428428428429,7.273790162242538e-31,1.655507397361049e-29
3.438438438438439,5.663416025622867e-31,1.288987847548949e-29
3.448448448448449,4.409569201731389e-31,1.0036135590679702e-29
3.458458458458459,3.4333166514497357e-31,7.814194508197858e-30
3.468468468468469,2.673200643839239e-31,6.0841780444512755e-30
3.478478478478479,2.0813698262305883e-31,4.737176997289781e-30
3.488488488488489,1.6205668525207833e-31,3.688394018008284e-30
3.498498498498499,1.2617829327550764e-31,2.8718053895521525e-30
3.508508508508509,9.824316515640836e-32,2.2360046554663568e-30
3.518518518518519,7.649270924020983e-32,1.7409664448212914e-30
3.528528528528529,5.955767566722715e-32,1.3555267671665557e-30
3.538538538538539,4.63719584012075e-32,1.0554211552846025e-30
3.548548548548549,3.610548097911414e-32,8.217571515394625e-31
3.558558558558559,2.811194095911265e-32,6.398249767166703e-31
3.568568568568569,2.188812343881463e-32,4.981715097502599e-31
3.578578578578579,1.7042222320031358e-32,3.878792828632435e-31
3.588588588588589,1.3269175058211561e-32,3.0200510292113395e-31
3.598598598598599,1.0331458152526895e-32,2.3514295869873047e-31
3.608608608608609,8.044134400906711e-33,1.8308369789377988e-31
3.618618618618619,6.263210604402942e-33,1.425500496377051e-31
3.628628628628629,4.876572806973966e-33,1.1099031145581074e-31
3.638638638638639,3.796928419587277e-33,8.641771271470305e-32
3.648648648648649,2.956310916316501e-33,6.728534205270922e-32
3.658658658658659,2.3018011582325903e-33,5.238876513772632e-32
3.668668668668669,1.7921959908880106e-33,4.079020227772383e-32
3.678678678678679,1.395414394621874e-33,3.175949265999126e-32
3.688688688688689,1.0864778978515063e-33,2.4728128758775157e-32
3.698698698698699,8.459381149208486e-34,1.9253467253300027e-32
3.708708708708709,6.586524177720958e-34,1.499086343694117e-32
3.718718718718719,5.128306666707159e-34,1.1671974903455476e-32
3.728728728728729,3.9929298911178925e-34,9.08786866880382e-33
3.738738738738739,3.108918820882478e-34,7.075868276325338e-33
3.748748748748749,2.420622575001262e-34,5.5093128750613266e-33
3.758758758758759,1.8847110484996585e-34,4.289583577590181e-33
3.768768768768769,1.4674471654610512e-34,3.339895135094603e-33
3.778778778778779,1.142563039110923e-34,2.6004620988630367e-33
3.788788788788789,8.896063375012446e-35,2.0247351650552983e-33
3.7987987987987992,6.926527540556538e-35,1.576470770484943e-33
3.8088088088088092,5.393035295234773e-35,1.227449462569845e-33
3.8188188188188192,4.199049166461772e-35,9.556994086858579e-34
3.8288288288288292,3.269404507317569e-35,7.441132100463381e-34
3.8388388388388393,2.5455776793095444e-35,5.793709448108178e-34
3.8488488488488493,1.982001831494218e-35,4.511016430820736e-34
3.8588588588588593,1.5431983443192355e-35,3.5123040638117184e-34
3.8688688688688693,1.201543354838508e-35,2.734700710106664e-34
3.8788788788788793,9.355287600398841e-36,2.1292541414372227e-34
3.8888888888888893,7.284082237543421e-36,1.6578498634502249e-34
3.8988988988988993,5.671429496302638e-36,1.2908117054954967e-34
3.9089089089089093,4.415808537381283e-36,1.0050336256484658e-34
3.9189189189189193,3.438174635075971e-36,7.82525123055311e-35
3.9289289289289293,2.676983098612759e-36,6.092786873848461e-35
3.9389389389389393,2.0843148678805032e-36,4.743879882756962e-35
3.9489489489489493,1.6228598793615906e-36,3.6936129242629346e-35
3.9589589589589593,1.2635682970105404e-36,2.875868860818103e-35
3.9689689689689693,9.838217467290987e-37,2.2391684982187518e-35
3.9789789789789793,7.660094287163289e-37,1.7434298314940975e-35
3.9889889889889893,5.964194701257068e-37,1.3574447745944436e-35
3.9989989989989994,4.643757256893491e-37,1.0569145272079176e-35
4.009009009009009,3.6156568558041083e-37,8.229198997483149e-36
4.019019019019019,2.815171805011357e-37,6.407302993466748e-36
4.029029029029029,2.1919094117044933e-37,4.9887639930257875e-36
4.039039039039039,1.7066336273211417e-37,3.88428114036243e-36
4.049049049049049,1.3287950324727854e-37,3.024324261173216e-36
4.059059059059059,1.0346076686042706e-37,2.3547567506577256e-36
4.069069069069069,8.055516477532338e-38,1.833427528242996e-36
4.079079079079079,6.272072756558645e-38,1.4275175133823492e-36
4.089089089089089,4.883472931038603e-38,1.111473575923773e-36
4.099099099099099,3.802300896980054e-38,8.653998976514795e-37
4.109109109109109,2.9604939589786054e-38,6.738054768713211e-37
4.119119119119119,2.3050580999809787e-38,5.246289280757839e-37
4.129129129129129,1.794731864989508e-38,4.084791851974049e-37
4.1391391391391394,1.3973888411903127e-38,3.180443086726494e-37
4.1491491491491495,1.0880152136233565e-38,2.476311791264952e-37
4.1591591591591595,8.471350780699826e-39,1.928071001537525e-37
4.1691691691691695,6.59584380356885e-39,1.5012074812562078e-37
4.1791791791791795,5.135562982493355e-39,1.1688490205923295e-37
4.1891891891891895,3.9985797014910676e-39,9.100727580949764e-38
4.1991991991991995,3.113317796642773e-39,7.085880301348752e-38
4.2092092092092095,2.4240476435365418e-39,5.5171082969393e-38
4.2192192192192195,1.8873778271114822e-39,4.295653139153749e-38
4.2292292292292295,1.4695235350552057e-39,3.344620931613456e-38
4.2392392392392395,1.1441797127531864e-39,2.604141631973251e-38
4.2492492492492495,8.908650891574626e-40,2.0276000712896535e-38
4.2592592592592595,6.936328255373839e-40,1.578701403417383e-38
4.2692692692692695,5.400666189737004e-40,1.2291862465593565e-38
4.2792792792792795,4.20499062603784e-40,9.570516789685928e-39
4.2892892892892895,3.274030562871525e-40,7.451660956835913e-39
4.2992992992992995,2.5491795535147826e-40,5.801907277930273e-39
4.3093093093093096,1.984806272046039e-40,4.517399309588781e-39
4.31931931931932,1.545381898313759e-40,3.5172738109584207e-39
4.32932932932933,1.2032434828885943e-40,2.7385701846180453e-39
4.33933933933934,9.368524897914588e-41,2.1322669371695306e-39
4.34934934934935,7.294388875653014e-41,1.660195644020147e-39
4.35935935935936,5.679454305671372e-41,1.2926381441163482e-39
4.36936936936937,4.4220567014013166e-41,1.0064557015572313e-39
4.37937937937938,3.4430394925233953e-41,7.83632359765708e-40
4.38938938938939,2.680770905384173e-41,6.10140788433948e-40
4.3993993993994,2.0872640766276216e-41,4.750592252495834e-40
4.40940940940941,1.6251561507288718e-41,3.698839215027595e-40
4.41941941941942,1.2653561874734995e-41,2.8799380817072064e-40
4.42942942942943,9.852138088142333e-42,2.242336817661727e-40
4.43943943943944,7.670932964861934e-42,1.7458967037446553e-40
4.44944944944945,5.972633759795366e-42,1.3593654959137793e-40
4.45945945945946,4.6503279577662024e-42,1.0584100121831557e-40
4.46946946946947,3.620772842352033e-42,8.240842931918881e-41
4.47947947947948,2.8191551423851493e-42,6.416369029661566e-41
4.48948948948949,2.1950108617346406e-42,4.995822862408767e-41
4.4994994994995,1.7090484346515183e-42,3.8897772177985895e-41
4.50950950950951,1.3306752157374575e-42,3.028603539559752e-41
4.51951951951952,1.0360715904104736e-42,2.3580886221100205e-41
4.52952952952953,8.066914659267717e-43,1.836021743054801e-41
4.53953953953954,6.28094744824802e-43,1.4295373843724603e-41
4.54954954954955,4.890382818458434e-43,1.1130462594184015e-41
4.55955955955956,3.80768097617891e-43,8.666243983179074e-42
4.56956956956957,2.9646829204517826e-43,6.747588803286978e-42
4.57957957957958,2.308319650150663e-43,5.253712536427111e-42
4.58958958958959,1.7972713272351244e-43,4.0905716426987524e-42
4.5995995995996,1.3993660815089766e-43,3.184943265913953e-42
4.60960960960961,1.0895547046256187e-43,2.4798156573224453e-42
4.61961961961962,8.483337348663765e-44,1.9307991322701086e-42
4.62962962962963,6.605176616254629e-44,1.5033316198332396e-42
4.63963963963964,5.142829565629495e-44,1.1705028872416886e-42
4.64964964964965,4.0042375060835e-44,9.11360468150331e-43
4.65965965965966,3.117722996749445e-44,7.0959064837479505e-43
4.66966966966967,2.427477558384781e-44,5.524914735862707e-43
4.67967967967968,1.8900483790912294e-44,4.301731270301233e-43
4.68968968968969,1.4716028426158934e-44,3.3493533888929673e-43
4.6996996996997,1.1457986739135626e-44,2.6078263353298688e-43
4.70970970970971,8.92125621888833e-45,2.0304689815775388e-43
4.71971971971972,6.946142837747583e-45,1.5809351249937805e-43
4.72972972972973,5.408307881600515e-45,1.2309253968856255e-43
4.73973973973974,4.2109404925032395e-45,9.584057409811646e-44
4.74974974974975,3.278663164079312e-45,7.462203102350546e-44
4.75975975975976,2.5527865242047945e-45,5.810114600845331e-44
4.76976976976977,1.9876146807509802e-45,4.523788488223911e-44
4.77977977977978,1.547568541935763e-45,3.5222470819067264e-44
4.78978978978979,1.2049460165409387e-45,2.7424406721538156e-44
4.7997997997998,9.381780925591738e-46,2.1352783749841848e-44
4.80980980980981,7.304710097176814e-46,1.6625377311407317e-44
4.81981981981982,5.687490469772628e-46,1.2944585019818585e-44
4.82982982982983,4.428313706283352e-46,1.0078691851929225e-44
4.83983983983984,3.4479112335182422e-46,7.847283093271348e-45
4.84984984984985,2.6845640717262333e-46,6.109886775977252e-45
4.85985985985986,2.0902174583681326e-46,4.7571306183749175e-45
4.86986986986987,1.6274556712135273e-46,3.703856769810458e-45
4.87987987987988,1.2671466077184558e-46,2.883760913182787e-45
4.88988988988989,9.866078406025598e-47,2.2452182400357336e-45
4.8998998998999,7.681786978786091e-47,1.74803352995817e-45
4.90990990990991,5.981084759209689e-47,1.360910741145304e-45
4.91991991991992,4.656907955875585e-47,1.0594828145626011e-45
4.92992992992993,3.625896067783296e-47,8.24777661700839e-46
4.93993993993994,2.8231441159963088e-47,6.420237655814403e-46
4.94994994994995,2.1981167001725876e-47,4.997202050861726e-46
4.95995995995996,1.7114666588221537e-47,3.8891255974517e-46
4.96996996996997,1.3325580593741186e-47,3.0262911373392735e-46
4.97997997997998,1.0375375835980363e-47,2.3544186990084135e-46
4.98998998998999,8.078328968901061e-48,1.831247424246898e-46
5.0,6.289834697214104e-48,1.4238741479159046e-46
